cntry,essround_yr,stress_men,stress_woman,media_men,media_woman,internet_men,internet_woman,relig_men,relig_woman,social_men,social_woman,finvul_men,finvul_woman,ideological_men,ideological_woman,trust_men,trust_woman
AGGREGATE,2002,4.553057453826213,4.333092612004881,2.680502968101804,2.617024508129193,3.05743305190819,2.6226211461668525,2.7090039694174766,3.2489914546907266,3.7755332278828853,3.687438094000539,4.525309512615578,4.320815619587466,3.2533987123012587,3.1876441439418297,3.613335131521609,3.5817680573687087
AT,2002,4.799671507803847,4.7117303645763515,2.634597180528447,2.6311827506337493,3.5196687370600412,3.0193563709773183,2.8968919972462523,3.305962918617285,3.800890279114533,3.767384568943805,4.532875368007851,4.326371484266221,3.172203328272783,3.0404399782369356,3.727989289512727,3.637005690148626
BE,2002,4.636477809362506,4.521761766093128,2.630824794284678,2.5622451346656843,3.1732996732996734,2.73998738568275,2.4577094846149263,2.9162351106156765,3.782662445071204,3.701148413024096,4.789158746920098,4.612052730696798,3.177651149298726,3.129795688928423,3.3954195761021104,3.3790130652954375
CH,2002,4.8877236988999675,4.71601281434923,2.476345794472168,2.4539362850646667,3.8600583090379006,3.205644072373751,2.8564643410740147,3.3888221215688135,3.82484812687162,3.8620309433117357,5.128046687263988,4.899521531100478,3.030122539360844,2.9771959372512486,4.040591104566443,3.914595396369665
CZ,2002,4.089557372388003,3.8741513575952684,2.7806101288480023,2.735562528824198,2.370444891571652,1.9709821428571426,1.9640136654158218,2.3546188004516426,3.4392454170928164,3.3646826487038335,3.9126984126984126,3.585714285714286,3.4828840065141584,3.4516123794808706,3.036988327447119,2.9735431825374676
DE,2002,4.374371041145666,4.155363542321293,2.7096534387731275,2.6742015096955356,,,2.2803127947320943,2.7163455451009306,3.6754401295629577,3.7043273514204467,4.514674302075877,4.4857587894971065,3.167664462232121,3.0552195425864195,3.610482381415995,3.592597547459699
DK,2002,5.160509810061679,4.892884544579676,2.8518452186161514,2.760781507388554,4.003374578177728,3.671563889425865,2.1861839752729164,2.6078352990220472,3.945785251899803,4.104271478373192,5.31959219858156,5.2111263109895125,3.059095333105026,2.9078901725112623,4.425236007444902,4.407253751981426
ES,2002,4.405507401209338,4.213289931885678,2.6189650949697927,2.533917748641365,2.169390265331225,1.8007229294358007,2.473594413701098,3.3190594595279115,3.793340227781976,3.70837581166285,4.421052631578948,4.307291666666666,3.0348637335098823,3.084149398587501,3.195586116485872,3.2025010607577826
FI,2002,4.802932078650601,4.696885390821867,2.6657924242767614,2.597012483122226,3.3452380952380953,3.3159340659340657,2.5929554544232403,3.361465526569127,3.769968925070028,3.8816202636016466,4.4244654749386605,4.390355164548713,3.439105647817272,3.1776809589394115,4.246030344566537,4.249880067515179
FR,2002,4.410635813031638,4.137309607215063,2.6055544758465534,2.5324858879811747,,,2.1200304014312032,2.616028663983857,3.992370315823924,3.8950794276715213,,,3.1058775802174736,3.0389564916016916,3.401563569961196,3.391564647369474
GB,2002,4.499954667884955,4.228428957679215,2.8632821374456348,2.7251634060018723,3.142857142857143,2.724070450097847,2.361159772163829,2.943817348166942,3.822244809347123,3.832775642984167,4.845476944737769,4.674625038261401,3.3323979885473727,3.223817632745891,3.486667257613481,3.473920246905175
GR,2002,4.352029396742314,4.062411463998147,2.5243863446846526,2.372608868872432,1.8526179702650292,1.4320557491289199,3.921095258638184,4.544734508661584,3.5582554884209103,3.125997137985629,3.5618961352657004,3.194078186444598,3.6867861968665667,3.8207289331242116,3.6851671098375145,3.693254079730274
HU,2002,3.8946850442368484,3.7635516362319144,2.684146219642439,2.6518897931759837,2.082036775106082,1.7987534853206495,2.3114568832957754,3.1133420507447283,3.1588953487153035,2.961491050726184,3.609323432343234,3.408256880733945,3.573745543012189,3.5580678911942627,3.287963146771462,3.343193629392976
IE,2002,4.772963934868249,4.520692073581225,3.0628721023405734,2.973029304890412,2.900212314225053,2.6463018328350447,3.75176819438618,4.236165246927682,3.8730267216477205,3.689169702489375,4.7621097954790095,4.5267718972454345,3.1036965855554786,3.0947500861313895,3.6112679358323287,3.533238534466493
IL,2002,4.580988739432444,4.370568683306683,2.752666207259404,2.6899696046849093,2.94325885011298,2.4918154761904763,3.017915748852998,2.776587843698499,3.891792687066774,3.8487282170441794,3.8801431127012522,3.607649442755825,3.3391633640836766,3.360150098608649,3.6826352427363527,3.69434120881281
IT,2002,4.356942079747723,4.080850777841984,2.4649053893780697,2.4206234191635256,2.689259645464025,2.1123227917121046,3.1846435131493194,3.9497426616108413,3.541594088697191,3.336875410814451,4.6131611316113155,4.550613496932515,3.219448669196799,3.157435112874003,3.6224078629675183,3.6180423145621368
LU,2002,4.728178938597164,4.542121455035849,2.688143240025697,2.6698741335674776,3.521985538401407,2.979038224414303,2.3209169672254264,2.8937966429264144,3.8500699393445235,3.6806230060045833,5.065656565656566,5.034757118927973,2.9357836088821974,2.9213596436444775,3.962447955420089,3.8561808179011847
NL,2002,4.664572511985565,4.479911789163385,2.8179531818854024,2.752982116813142,3.7542198435570193,3.097977722504596,2.6372816748371832,2.9731676543073697,3.8760201197304545,3.9133884664587644,5.089731130547457,4.963414634146342,3.133184682242506,3.0471573651852424,3.7198430676885095,3.626810880479692
NO,2002,4.935150829732181,4.66666596388144,2.7318649126558676,2.676588803189355,3.9361481673358374,3.3924360741080997,2.2350490588567817,2.734402054649619,4.160399080865249,4.202036441586281,5.091734786557675,4.977110157367669,3.316792682270116,3.1340952234994823,3.997890631865536,3.9640169396100156
PL,2002,4.049830345085538,3.8647972489779048,2.5860590208079888,2.5756933355386376,2.093988615854505,1.9097535117943283,3.903153624373387,4.486501961880943,3.446253471017008,3.2480659983552833,3.659850697825381,3.5007751937984493,3.4362461076275728,3.4096052545095272,2.85953880076859,2.904169908599678
PT,2002,4.097813070161448,3.8527562969877245,2.6224798134189613,2.4298987485292156,2.0975056689342404,2.1842532467532467,2.9712180845663276,3.927236928698221,4.054080179080179,3.8114694741532977,3.869163952225841,3.5288683602771362,3.3168220333425147,3.334735210207217,2.9974332351356825,3.032698080020919
SE,2002,4.847525377623615,4.630918045713207,2.563587309851937,2.531131797437803,4.078550274996474,3.525120139799039,2.0562751201954015,2.501542355763172,4.017716608690202,4.000470545038935,5.1189064558629775,4.998973305954825,3.0012474374966476,2.7325745522606897,3.9260335644016813,3.9238743122675133
SI,2002,4.416428734130871,4.2069150985438695,2.4823963062142043,2.4530562329011425,2.8257261410788383,2.549270401729418,2.6647511729567266,3.156550232314963,3.6546331760033013,3.40447195182203,4.786407766990291,4.539302227826818,3.483675170650214,3.346965385854476,3.004753352700913,3.0727758946667296
AGGREGATE,2004,4.459243236211963,4.235954541839208,2.647347810693146,2.592584643665511,3.2260138138548857,2.8110028420625253,2.692096491794595,3.2244413880592453,3.7371564687425174,3.639068033256014,4.329122738829779,4.129097742298302,3.316263470539887,3.274745063653281,3.443431826685057,3.4394592136912703
AT,2004,4.7146566402336,4.570443495374567,2.573115192437067,2.6206392186659797,4.02760524499655,3.4834983498349836,2.855170837023824,3.2702784649833547,3.896764895513331,3.76405109903284,4.7565616797900265,4.653141730064807,3.2254196029585223,3.1257961151598113,3.5670569412985067,3.5344832473138674
BE,2004,4.66582913973722,4.487776582996636,2.608539595222178,2.518568195287374,3.6141384388807065,3.032115171650055,2.3528299200815734,2.7917928504704417,3.8113807007878284,3.7707032663003286,4.557878435927216,4.411720791340052,3.152531445854217,3.083980702759464,3.5017675828450705,3.45020858076779
CH,2004,4.92487427300872,4.748210143800474,2.505316678612599,2.5574317128009554,4.182983858802232,3.291941084900012,2.9899709432848454,3.502047657955549,3.8607379857190685,3.826856163987397,4.9126559714795,4.747184684684684,3.173293930109484,3.030228981328977,3.9794435299731474,3.9246156554408587
CZ,2004,4.123307059678034,4.019920828530108,2.6590483299886074,2.6606071557854185,2.49005943840951,2.259634343072235,1.7765955987576518,2.193621823119979,3.394119677482114,3.308579098473733,3.5914233096553536,3.471858488398805,3.4875287245065567,3.4878790721595645,2.7334522666209335,2.7779768036467107
DE,2004,4.349367065396407,4.149915252256212,2.655088264404757,2.635921836751898,3.4301242236024843,2.919823110940204,2.227137724774009,2.7508490240174033,3.6329784269133256,3.610907585890375,4.5036764705882355,4.36386250565355,3.2125863516997257,3.0788034476581387,3.4717688425664748,3.527688534829428
DK,2004,5.095215107796633,4.862432548569044,2.792903426487753,2.708713155299792,4.39211412720428,4.025154871409799,2.2302577297260116,2.6932189956503993,3.9611331671302787,4.013709010746762,5.317862165963432,5.258036107441655,3.050423874829667,2.885761233506431,4.4998581895561225,4.414660923133009
EE,2004,3.8813374205652478,3.7971543332419215,2.7993996962351777,2.7404248588306106,3.2652561636649766,3.1465264187866926,1.882416090760729,2.430860949432,3.346813725490196,3.3397051140344516,3.4682246822468223,3.4635818337617823,3.6953969993860354,3.6545986935010846,3.261079556367747,3.361200346155302
ES,2004,4.488134783312018,4.283363556561797,2.5262376953940637,2.436569782671946,2.849730458221024,2.4912590499735123,2.5229472239985493,3.138299616998737,3.9426716315845307,3.8583953170783447,4.648809523809524,4.5442514474772535,3.031447229719749,3.019418565204267,3.386457808930024,3.361583934059137
FI,2004,4.8133444070875,4.7204376982924465,2.636417444059471,2.5760099325146903,3.7207655213984325,3.664272412875765,2.5674239323203927,3.3601451657159926,3.7375959001159096,3.897118810280164,4.397163120567376,4.431924882629108,3.3528220617315725,3.1820588364927276,4.289418280803139,4.287358835621606
FR,2004,4.401404777134006,4.166725809703756,2.5921403764623183,2.5208974465325418,,,2.091114552777639,2.5704646884755804,3.9469606674612634,3.952286173664678,,,3.1459751640464337,3.090368621604917,3.3283786983369326,3.3425369175183968
GB,2004,4.466527213303365,4.234797861965087,2.8189845870086736,2.7077356363219205,3.1792749544777354,2.9047619047619047,2.458916371130617,2.909194757285846,3.8138554697429408,3.773251563987488,4.582846003898635,4.532095144998371,3.2291142437345512,3.156519496035625,3.4156779172837797,3.4515847506436246
GR,2004,4.437553764480287,4.188814142964774,2.520402077133484,2.3519077215842863,2.122838077080212,1.690546528803545,3.8120891363136575,4.443703034317947,3.3357561415370744,2.975000929644504,3.530332056194125,3.3360453648915187,3.679181132332065,3.794879611437942,3.4757692142407923,3.5738957955150723
HU,2004,3.8944800994585917,3.8363654835711927,2.6170216828335664,2.522125030518627,2.44515701017249,2.3665325285043592,2.327582136842796,2.9672603737262695,3.0812946155666427,2.9870687029696477,3.587103484139365,3.4576938213301847,3.5879389373613795,3.611775359936003,3.00046523835316,3.1071262289785597
IE,2004,4.800095230121036,4.581259117635108,2.9550657821673227,2.8980750803573225,3.0250218213558333,2.8242350869469512,3.853046394034171,4.372523920914803,3.7282820773665124,3.49485086985087,4.955555555555556,4.8656330749354,3.064740975470484,3.0768504855072347,3.668281802331901,3.6244410482667786
IS,2004,5.232846967263238,4.956631963770185,2.6587438907205847,2.6657542294070757,4.897806313536651,4.648910411622276,2.786439214663263,3.342349388637784,4.07894048099272,4.221494380227986,5.245283018867925,4.917233560090703,2.8422026762111265,2.631892140545752,4.054169088036631,4.044235323080847
LU,2004,4.656282070385989,4.462603951626162,2.615179551945191,2.523536635196126,3.5228503723764386,3.049492385786802,2.453690563779366,2.9426942611765114,3.771252168437062,3.706879519868784,4.99284862932062,4.9067180145485665,3.041109880175649,3.085379818111272,3.9998098675556206,3.9052627171790597
NL,2004,4.634610964636016,4.411083459049359,2.698572280521269,2.637961868754726,4.132640029191753,3.5494405412438197,2.579590998457411,2.992442418393528,3.874637734551528,3.9764469364879202,4.939784946236559,4.6136783733826245,3.038651552160179,2.9882594196527332,3.7328043509668145,3.6333380590148536
NO,2004,4.904950150580818,4.686073315801893,2.7416168882131724,2.7133580950102583,4.426693788139571,3.887537993920972,2.2246889330705915,2.69328979916019,4.228024488304094,4.228377187460657,5.02701715954728,5.003944773175542,3.24639591361751,2.9950589390569493,3.9799436608259326,3.9271988699227767
PL,2004,4.127664680184363,4.010435225038344,2.6354744096731504,2.5801833661214855,2.431143886125879,2.3177479372269856,3.902002084932352,4.458368134389861,3.480341146857392,3.3385550042680325,3.720883534136546,3.5978715317369816,3.5073664889440757,3.437319257408222,2.4939043652290853,2.662300460885636
PT,2004,4.0896911362631325,3.8463835289497315,2.470668819709226,2.32803072967612,2.3840920983778124,2.062420086016506,2.9678281490275613,3.7948391816529607,4.114525064211801,3.92808982675074,3.8677379480840544,3.5321301613344267,3.386692289643426,3.4607618722626676,2.8522018392287958,2.8273478663469405
SE,2004,4.8517882391311264,4.587589084976182,2.5339109060242677,2.522754136161943,4.221930974224552,3.7891859949771014,2.0191872514032934,2.4357236544315795,3.941079460531646,3.9798601776978053,5.139288158795346,4.941771269177127,2.974907849891069,2.855575803388217,3.7540679404826345,3.7270207678674274
SI,2004,4.476976817693386,4.304061552763551,2.5064662351430815,2.4957690116767624,3.1749723145071984,2.9213440961141353,2.57202452654561,3.1672752893521383,3.764726585433066,3.4902950310559007,4.7734375,4.635361552028218,3.420118750628976,3.397337338706951,2.8884375031346234,2.9798992862658253
SK,2004,3.9505807591971447,3.754666861176852,2.6314652999977386,2.5920543397992923,2.596924873491631,2.296043656207367,3.1436408616871994,3.688576958490708,3.7038692059273473,3.509866275277234,3.4171270718232045,3.092001849283402,3.5257570261187325,3.4491112114358327,2.7298721783461097,2.7442214117671373
TR,2004,4.2479344048950765,3.9697387818301166,2.650524711364618,2.4146112969906124,2.2303030303030305,1.8216390682009542,4.478851038726391,4.069867652150965,3.62743574495601,3.290620896450136,3.6152912621359223,3.5259909031838856,4.183423521706762,4.159426033853951,3.5868544760787575,3.731554692488366
UA,2004,3.4802229864083127,3.1744405613544826,2.773691169720427,2.7372782633866506,1.5220149971159393,1.3968875951634572,2.769066338635542,3.496978347878739,3.710874785712819,3.575948385130216,2.7030965391621127,2.4130146082337314,3.640808287467255,3.6740181576790243,2.618006985735166,2.749840678396571
AGGREGATE,2006,4.4470933032547695,4.186441302451057,2.6299280399882092,2.557640233862836,3.558985796454983,3.092379318794413,2.5764786064010017,3.155266222470131,3.793691285003342,3.734690422491261,4.374580609456608,4.100193261797623,3.292736201231014,3.2459615301065505,3.404638088383058,3.3778258053673937
AT,2006,4.691523308135692,4.545376057077693,2.6666029074042608,2.65756548884486,4.271723783853164,3.848242100578549,2.825579146433371,3.2467872451503283,4.029407088991977,3.9343048419761124,4.749615975422427,4.626126126126126,3.2434371075125603,3.1729386629436607,3.6094100468169024,3.6071632995928304
BE,2006,4.627212139987766,4.480080559836867,2.685376570966923,2.5609153136105256,3.9489795918367347,3.5894721145243067,2.371454300362415,2.880479439852415,3.7947629152787297,3.759935869350917,4.613109512390087,4.487719298245613,3.127302283503207,3.0581537830786174,3.5165852180171986,3.5454618336725705
BG,2006,3.6223262886281313,3.3493835931485574,2.6389464859217306,2.5065353962072012,2.055496548061604,2.0684699915469147,2.283813462950665,2.869394587071355,3.797434808024926,3.8008500921519137,2.629353233830846,2.322720125786163,3.0994539210727683,2.905245116885435,2.261997437733388,2.391658552075983
CH,2006,4.906058282208589,4.770541450530031,2.4480348388749262,2.433108012166801,4.415041293270075,3.7335164835164836,2.9094683539058472,3.461952921567739,3.9122617509548014,3.9138088741921693,4.967078189300411,4.860094850948509,3.091601624906485,3.0128645075691405,3.965595631297609,4.045090930370245
CY,2006,4.829728855960319,4.6199859626326125,2.779628957237978,2.4831002632829002,2.4889761401389308,2.1881868131868134,3.7181713642484113,4.418121668479799,3.336662328127086,3.275778583647318,4.37953091684435,4.094777562862669,3.6926749542985253,3.573121950075075,3.622202337752494,3.696573512697963
DE,2006,4.378402665926503,4.180309439598794,2.6390104981911353,2.584513506466472,3.702837232453957,3.0733120834540713,2.2657383385568486,2.706761462768432,3.6284379322775973,3.661282619103699,4.392101551480959,4.267304189435337,3.211436190372289,3.1128699236727067,3.556833526931815,3.5030814966572574
DK,2006,5.1008293141699905,4.864245458802621,2.768595460332986,2.6439013887568485,4.619887575111456,4.250652741514361,2.216855543724098,2.642369725724521,4.027059139505145,4.044843809364467,5.357010213556174,5.321236559139785,2.9575729507928696,2.799562473885462,4.5438989509338095,4.42340561045949
EE,2006,4.075469842657343,3.9309758432400512,2.7682500163582606,2.806767307887219,3.8614982578397217,3.5653923541247488,1.948764473718602,2.4532744238169246,3.4001656472986745,3.467976828249662,4.015995872033023,3.7155343663090976,3.806965669988926,3.723265593589121,3.357467062683598,3.3670054046112234
ES,2006,4.609804642640973,4.353695162157033,2.4805601524048413,2.3737991858972665,3.170573329109914,2.754180111469639,2.4391155544756464,3.2630837454522257,4.0071058992883914,3.8394621040216403,4.6491031390134525,4.471216821785591,2.995846289606007,3.0246690451402327,3.3722024746320938,3.4636722777167095
FI,2006,4.8107597022882285,4.712885005147722,2.6219094720268425,2.607600203779466,4.245409274821039,3.9792367305161576,2.5195599896977803,3.2327707708844162,3.783681272216489,3.895559404771278,4.514452982070984,4.432580424366872,3.351420288680495,3.1660369189328983,4.348052420058613,4.331973302075819
FR,2006,4.4227259969925425,4.157515230676705,2.5448689063829852,2.4657323754508496,3.6044546850998467,3.178030303030303,2.1182313268937194,2.524268526360682,4.050961445316284,3.9732690149356813,4.575529242913526,4.466034755134281,3.154041095160075,3.0786513279923766,3.302853092942776,3.335021721973954
GB,2006,4.514059230927542,4.267741166829886,2.7768540681157012,2.6587238256456334,3.91076393486032,3.4519282998370446,2.31708742196705,2.814316288680224,3.776853165508628,3.8269218210315503,4.736059479553903,4.679653679653679,3.2473433045661166,3.205298503957078,3.35995875930823,3.4289903753764865
HU,2006,3.927749009599075,3.772976626346147,2.6274528585368633,2.5287258764855958,2.322624743677375,2.0581414076340794,2.3759281327082813,3.0350170961280583,3.1639681590339483,2.94136182266433,3.505411255411255,3.4145058248778652,3.6548326896957026,3.695134978126678,2.968126872446121,3.0748251381108997
IE,2006,4.667968107195723,4.4931482996934955,2.9031971538240473,2.8127443062695394,3.356687898089172,3.2933130699088147,3.5378416439463094,3.9923209866990583,3.7639143379432993,3.630120982178753,4.926735218508997,4.816503800217156,3.0209616858893114,3.0588647961338506,3.535487706745966,3.493703146500151
NL,2006,4.587130171998156,4.432961310697475,2.6183097006302245,2.5863060153272417,4.573900148294612,4.1768574226948365,2.564824902550989,2.862046961621299,3.974322723955308,4.0840522875817,4.922363847045191,4.718074656188605,3.0337410352618925,2.9204688411424544,3.841981839714491,3.7932360733872197
NO,2006,4.948635502374001,4.763192654947945,2.681978130994653,2.653759944884325,4.852012185345519,4.382670879760519,2.17932945993382,2.625453775560274,4.1106601492229204,4.173991074893287,5.16572928383952,4.979433449747768,3.1851467746864004,2.9984572968673304,3.979567160846468,4.069432279486577
PL,2006,4.3210426396176125,4.117374584370747,2.583808461505908,2.6014743083101703,2.914110429447853,2.6682434563229265,3.8924236192615638,4.5031083468752655,3.4323499066599235,3.308990537087024,3.8518518518518516,3.7419354838709675,3.4184485590818947,3.402661200690846,2.7629367777209133,2.848382102920723
PT,2006,4.04705269768141,3.7918848763385977,2.5770972308504088,2.376685577332395,2.652563464410154,2.1550599621291813,3.052271347304686,3.909350041445205,4.216177895576835,4.052386278092873,3.735294117647059,3.3507462686567164,3.357337001419006,3.4311351552545712,2.9896667616647483,2.938588611808392
RU,2006,3.787700249688596,3.4375042079609597,2.4286694131849114,2.345026662282392,1.955081001472754,1.6621661868360964,2.0474327880456453,2.8273665063601485,3.502189396094046,3.3938621392207553,3.1696459866806865,2.7438055165965403,3.928656185400385,3.947654896867124,2.574597845569096,2.730342826959179
SE,2006,4.892097198525312,4.656069441546474,2.5402865550554243,2.527546750667664,4.736090225563911,4.284981684981685,2.025016578640575,2.429302825649024,3.987567022234928,3.9788116457446883,5.26024011299435,5.0092879256965945,2.9219069062056477,2.807223824035598,3.872035804745064,3.8093623444194264
SI,2006,4.486214682788015,4.319794222835609,2.4711442957945,2.4694309807457224,3.6761619190404797,3.3276166902404527,2.53193218739501,3.1235504838061643,3.655508745307883,3.38379917184265,4.982323232323232,4.716981132075472,3.4546713615204467,3.3357104912609503,3.005939375362612,3.1135608968901636
SK,2006,4.130925247718999,3.906266858365855,2.70668480417813,2.6740195555145654,3.0889649272882806,2.8235199485199485,3.0878304940877634,3.795158382020279,3.687849928363123,3.4749404115287854,3.692462716646513,3.5396825396825395,3.5239705571166247,3.471222622057598,3.0694721462784478,3.1107057594256786
UA,2006,3.487721130719962,3.1735730327742893,2.584212792485008,2.525041166707073,1.7012987012987013,1.4653061224489796,2.8130200625104522,3.5859956251151193,3.716021938491159,3.6896797910912422,2.7607174103237093,2.4623032311516155,3.8420500689726893,3.823148803764789,2.0981334342363236,2.1597746687801416
AGGREGATE,2008,4.371538121723864,4.135836843674839,2.6199643678815767,2.5395962142611492,3.7180623845862906,3.337270146401202,2.7050125007009544,3.2334220556160123,3.7188809402937646,3.602105557138486,3.843870479425167,3.5540121958054094,3.349474705349857,3.310297071923237,3.2751832336408744,3.264120931683882
BE,2008,4.620060975679932,4.470831909953522,2.6532332000265613,2.540944026013596,4.259860788863109,3.8627419612861944,2.3746673503614018,2.7839003643846087,3.820357196627522,3.78021901024984,4.608570536051452,4.483824539846772,3.043365114983842,2.9692840078189344,3.5131296177652143,3.4709763232691455
BG,2008,3.6170496435822055,3.3408094809059827,2.613627269816542,2.503879585474316,2.549934200906565,2.516,2.3319676081788914,2.99204062554718,3.9232161195371003,3.777022306630117,2.729849726775956,2.5009355787222667,3.3831832701238973,3.24346633558552,2.1363486286829345,2.2063104421200332
CH,2008,4.922129017981948,4.77235882016019,2.477794802446177,2.4329709030024245,4.535757786671306,4.083536323255481,2.7025149818253262,3.2422763509419106,3.879040805200667,3.791268156479,4.28141983083644,4.017172335118393,2.9863789252832276,2.8979024113407092,3.9880585057626026,4.003027533977902
CY,2008,4.776109684819202,4.533941279903109,2.6966852474831646,2.4981491710013537,3.1510137497086923,2.9696250593260562,3.5337976101313515,4.357036101758324,3.5540691192865106,3.2682276169472932,4.228476821192053,3.992170022371364,3.4907726616817527,3.3551284508550783,3.796749116924405,3.7142304624660585
CZ,2008,4.247466049846559,4.059199290808396,2.596727884937876,2.5570263561678472,3.7349432644748326,3.377253814147018,1.654027216956317,2.0463099448492423,3.5975891475063237,3.423598749090282,3.2206491531644907,2.9862360169843356,3.427327851514924,3.2954144262773433,2.9042796683805796,2.928812487462966
DE,2008,4.436141530168955,4.225090170284493,2.6069616132471567,2.573398400791108,4.233990147783251,3.771978021978022,2.337250915049713,2.723599873710769,3.627116334174376,3.6170718810769635,3.8496946763009365,3.6238069199924015,3.035660295151328,2.9377405054503813,3.643576459114368,3.6396869795499405
DK,2008,5.062981798141198,4.900300407382112,2.737398519748512,2.7065363618697744,4.798498122653316,4.728201514884622,2.165376632597877,2.57220910727781,4.043737745426845,4.082296868139162,4.621439256996821,4.517348138923481,2.9367824289439195,2.75400690336585,4.418161058992063,4.402846769566796
EE,2008,4.043488038983358,3.9658308436080603,2.8505054229665263,2.8191691974228648,4.276108726752503,4.037593984962406,1.998855038853721,2.431347388609431,3.4553935737468,3.3553166893935567,4.031925485077103,3.7106595050565456,3.6995136378369913,3.5457123182383086,3.355504595494019,3.371049372414338
ES,2008,4.57647080800476,4.38084564647959,2.4663262962421646,2.292005350675271,3.317772317772318,3.075760777683855,2.516726887178216,3.1136647580647954,3.9015787481696576,3.7536567372823884,3.8132754342431756,3.6815978705464287,3.0100885699389113,2.9592511615604447,3.257254590506426,3.304306835964882
FI,2008,4.811951963424446,4.694987842737644,2.5913686411926533,2.593786223029474,4.574744661095636,4.349092767697419,2.454919535038419,3.282273261748575,3.7576032734356506,3.839264398686959,4.214326212129636,3.995462771453091,3.266226785408719,3.094033011549096,4.32197017895161,4.329365753347365
FR,2008,4.442490608785842,4.173965252185818,2.5544784419690862,2.4917652132871115,4.108395324123273,3.7788995456839976,2.0769631648473887,2.464641535207934,4.014043668962565,4.0387099189118905,4.2495323800557925,4.034960129903338,2.95453278428976,2.946254896936279,3.36342824441102,3.393977607303713
GB,2008,4.508126589187304,4.280052795122953,2.8347798631401093,2.5973628327143246,4.067697228144989,4.006186726659168,2.3494123079260985,2.730010847180907,3.74238009391246,3.746688767526387,4.13996185026228,3.8450148418989327,3.221885257290166,3.1427595427046846,3.47153692737138,3.4854382817742997
GR,2008,4.236316295936927,4.117912395726178,2.4696260893974613,2.3357637965721083,3.0021299254526093,2.543819655521783,3.4217443342684035,4.035812599165332,3.59535814833618,3.386173289485123,3.526429434251435,3.4269447146334358,3.68196697941724,3.618832451306884,2.965771206094369,3.0451713210536737
HR,2008,4.372336531882594,4.28642434486771,2.6728926766382615,2.5457508975463656,3.208305122997066,3.1875,3.3125996810207337,4.0118471666256115,3.8183187780676997,3.7649333476893667,3.653766986872091,3.6369408369408367,3.7235527150881356,3.516379343199889,2.5799024483715574,2.595534575220426
HU,2008,3.793430798626696,3.7196595296237356,2.542960174842934,2.5041591563744885,3.272448979591837,3.156430268069223,2.2976511418241627,2.9580212550385263,3.146450101160246,2.9740715728185894,3.4580787319572064,3.272133152030695,3.7384373771760497,3.717492446543132,2.562812752294565,2.780204365038104
IE,2008,4.668252743484225,4.562572303554545,2.830288376865425,2.7472402685006982,3.9232804232804233,3.8324348607367473,3.6095138654875814,4.089898414388439,3.7566445880699177,3.6652912725241427,3.7405135137477146,3.6817637058295096,2.992377092584073,2.956858813700919,3.457716428992796,3.4472681490863626
IL,2008,4.80671400112451,4.581784642119133,2.7025956795766057,2.582672978395288,4.121856136820925,3.7223820176840308,3.1664935505776497,2.9381174229860654,3.90475697321182,3.728182820306732,3.5824431897415847,3.401214190143927,3.4598561762005837,3.3190673788800686,3.091225475383986,3.1954110809854814
LV,2008,3.8699752036189574,3.697540195432121,2.6333369465587273,2.7155969690610875,3.716420807453416,3.508468636841491,2.174522501814231,2.955951732793473,3.604189411688335,3.3857699330666247,3.152961374168797,2.959080841488994,3.743623180825806,3.8039270509877032,2.630316811941591,2.748894818654197
NL,2008,4.6472080632339665,4.468428943712041,2.7046945580106474,2.6347732714266665,5.006819374016437,4.436615522121257,2.5472615224643174,2.8992217228007964,3.9626764366178167,4.029337335216573,4.6176545499293145,4.176271129694661,2.9676887963394765,2.8897580766635222,3.957287567852719,3.8479310426180198
NO,2008,4.982010929149375,4.757006076807093,2.721576772951648,2.62437610328339,5.1759603469640645,4.836157104351175,2.0978439891387315,2.5450458610784694,4.06056844032625,4.104757085020243,4.736770142300096,4.563069180855429,3.164911222319804,2.9681230589129224,4.0786703996320055,4.065156739300415
PL,2008,4.413502533602768,4.2485948915248875,2.574971962986522,2.5692135582947078,3.630593521812395,3.362766493201276,3.868265216539434,4.363068110743668,3.4441601736722895,3.267014118212151,4.031261228889687,3.805788426858723,3.3860356247488803,3.357344537986009,2.8693253556739235,2.891069909679839
PT,2008,4.038287177863209,3.7459529488209093,2.5168430763132457,2.3515149063133705,3.12430426716141,2.5467911782237236,3.083846412284983,4.008468152678565,3.90718030985275,3.597729940895474,3.391289029939832,2.9675778766687855,3.2734841186409134,3.3573652532362597,2.909849817660041,2.9474125239614914
RO,2008,4.01060807073315,3.85498013217945,2.822196474234188,2.676694131721708,2.7093754795151144,2.6746381371932033,3.625340325299747,4.160444914219639,3.1934698355541373,2.9798563206719066,3.467899000054357,3.258340676911009,3.6957672170245277,3.744740298513241,2.838662469578963,2.8833347102030102
RU,2008,3.7370277441973805,3.551388229958485,2.4447195560180823,2.3945779435583283,2.3869838027141395,1.971788317712771,2.2074639760764576,2.9792498112368726,3.433142279451494,3.3849823419348732,3.3107985243781286,2.866862606590498,3.9766829226361686,3.9895704982961813,2.701032134789551,2.986561733522862
SE,2008,4.888999019172272,4.678154828316299,2.5179941582198935,2.492006563498717,4.9830376595082475,4.5910087719298245,1.9415273823888677,2.3879833040186758,4.012563801600213,4.062087458745875,4.840037671737573,4.639582024354487,2.906250937264595,2.703769345889538,3.8372295017616165,3.9174782498200584
SI,2008,4.523129111524347,4.256867787244996,2.488198762513225,2.5507156330145895,4.108889424235124,3.576827242524917,2.529485618202108,3.0776840572099196,3.628151985694399,3.3288965401410815,4.222725642217167,3.800631370441672,3.3947844883002722,3.3280186621755696,3.138232370347195,3.110326164413257
SK,2008,4.153732161634322,3.949081833951872,2.666448251381049,2.7276741993808535,3.393225331369661,2.780874951606659,2.9933031550414686,3.9948536301248523,3.5049502236088537,3.3502336156668813,3.9203323558162264,3.6663641863278884,3.489307667237972,3.5080060314905004,2.965516391741882,3.202141025993795
TR,2008,3.8802110215418466,3.788211308923936,2.530560025281796,2.3576710268983376,2.3602706498148853,2.0513706262536213,4.539222429215692,4.0868690916745765,3.570293595831023,3.339433894759661,2.974384032219853,2.9450494295214793,3.9761663874597475,4.076510829895557,3.5475650798297544,3.6171955467672645
UA,2008,3.468484061022451,3.116304238993817,2.540916993845796,2.4535262195412986,1.9902124114952102,1.7684171229467396,2.776390253931987,3.640937171840734,3.7115559362344777,3.6449356835436912,2.827008374415962,2.4134696445247634,3.880038350761323,3.8518851710198465,1.8390418780642177,1.9359710069255478
AGGREGATE,2010,4.398806375289821,4.168018003503909,2.5928384551565244,2.515609141029026,4.090110538483768,3.763097403505966,2.604312605400834,3.1791116049619497,3.7077550880494052,3.6241122952773672,3.7698918491879208,3.4799712418129767,3.3242197789272,3.2810798094551665,3.2331575492036406,3.2161614037935706
BE,2010,4.718781887543814,4.516501180786706,2.6865464198335283,2.573225396075898,4.570557491289199,4.383968972204267,2.1938346883468833,2.6999303995102313,3.8700839346413023,3.8394076181740227,4.2851304267534385,4.0304395589806905,3.0668973696746034,3.001587214493091,3.484290878729205,3.4477798858026567
BG,2010,3.7887940032619354,3.463547862157787,2.653168498154242,2.561658387099424,2.7759709716435963,2.6058355992470195,2.352181097119622,3.0493359223845538,3.8705053622246828,3.7337937180801446,2.7538889415190635,2.4987520097559455,3.366206259914247,3.2556322534679283,2.354524866357819,2.397734118780795
CH,2010,4.9594771834797235,4.819672388448386,2.4470395643933536,2.4071296408868794,4.761102886750555,4.34340284544923,2.764380697117326,3.22944354494142,3.862872324553075,3.830350976948079,4.35642007501095,4.257120684824919,3.0847125693152377,2.90105699115483,4.031792273349423,4.074675092376593
CY,2010,4.694660589869294,4.360626409169333,2.6632665075480824,2.4960736584532826,3.4805738194859535,2.936534749034749,3.6742450309150505,4.472813516635713,3.529737311714056,3.2727425519700266,3.46345946241408,3.1686493089277725,3.476845678232722,3.520377845890657,3.442548563570554,3.4563270822750183
CZ,2010,4.119455134848189,4.007325977955048,2.6252780543693244,2.5381310603133995,3.959527824620573,3.808726838015541,1.6462636341457237,2.026946240648883,3.52275969084671,3.4657124869468854,3.6022219512112494,3.2916200289096396,3.4406989933805434,3.33503676056791,2.8796723665035153,2.9931109546159855
DE,2010,4.4693605758155535,4.265227290806567,2.594786578576582,2.5325296288507713,4.461644464859899,4.082808716707022,2.290302363567903,2.7045617216626154,3.683719004178101,3.681351587752123,4.115575169126477,3.8962650666988266,3.055632187943212,2.924806423050974,3.620844490961709,3.573514352384313
DK,2010,5.0437512007389085,4.87801181528975,2.7141844510447544,2.6422523778002063,5.132968391312025,5.134848202644813,2.119694874668055,2.5688057185509785,4.039752137434587,4.107152145421196,4.682766123905921,4.49795048368585,2.895324019259339,2.727946470223154,4.379205902083307,4.3076166392967234
EE,2010,4.235455795626368,4.080978061542822,2.783188706037606,2.799682702460256,4.4467748318163824,4.253004005340453,1.8796259486019569,2.3636373368524826,3.2547387278425863,3.273681448004533,3.8799332119004246,3.671999569058393,3.7427039524466057,3.5763421610897415,3.464890836534783,3.5260000357273142
ES,2010,4.603626199220234,4.39604738456718,2.4185299240307505,2.2444317139418017,4.05131761442441,3.8817476886370414,2.5061746788571986,3.116971654050129,3.8856191504679627,3.7969888001107606,3.9427927927927926,3.8218922051579254,2.958346218765369,2.922190703319426,3.1889368828809523,3.255570816761066
FI,2010,4.769950028664001,4.734445617411501,2.5877212035851582,2.570172174989929,4.718049239454289,4.475402570542177,2.517961641445655,3.2404876056156344,3.7120720606112005,3.879860562819231,4.039702781434352,3.891321035382462,3.267803151234532,3.092829526960274,4.193148978043464,4.26462139124469
FR,2010,4.392953519571388,4.143961170957541,2.535244848866927,2.501144498596768,4.293551834698967,4.183011583011583,2.1068419683728674,2.5147324789578307,3.9583333333333335,3.9963876118805692,3.8807316262280844,3.636240489501359,3.063041107910765,2.9476089189127346,3.219509207240949,3.348451978234587
GB,2010,4.52720225698638,4.343199363049461,2.6717569686507674,2.5196263288795473,4.463305852142181,4.285714285714286,2.2649451528481035,2.713227137100937,3.7365225489629115,3.750672585673839,3.9836307860590647,3.755057294123368,3.1530594892809147,3.098128582115276,3.465980583056401,3.474633227565935
GR,2010,4.078388363051654,3.8791471293433744,2.4999201890080216,2.3618995042186954,3.2627077812575283,3.0430258717660292,3.5443540640048545,4.132433165546616,3.3430328618789287,3.0846458756157755,3.0369565505286307,2.7891799936314925,3.724149971912002,3.71879040538553,2.591646693050663,2.6705195748749326
HR,2010,4.3283192477415176,4.190676966416614,2.5296685393060256,2.4199618173383577,3.4617706237424546,3.201405152224824,3.3652120658150277,4.042263518646309,3.8077778002303635,3.668477521909494,3.79042171605536,3.5658383051026004,3.578149072938661,3.4207438684410327,2.5196019641622236,2.552439131759318
HU,2010,3.9908958663073686,3.8394827783083203,2.5257276492799874,2.416614178894499,3.601040416166467,3.503812913065582,2.256225982481818,2.9460726534805644,3.125712939542727,2.8976863402043325,3.4258696515718987,3.232928427781369,3.717681874610889,3.6346114542510564,3.0638084801996777,3.208760903064594
IE,2010,4.453129879461342,4.320559548445863,2.9002635242858568,2.8909872396482217,4.215186831671272,4.272605284888522,3.264569355748153,3.8022316232315645,3.619963450624721,3.484551296508605,3.0703064649784406,3.0596077415439176,3.009641426632078,3.002145733910597,3.4376260253156037,3.42990679275767
IL,2010,4.771403392436304,4.656007593737744,2.5903487218879366,2.513451302917227,4.512993262752647,4.137468470534281,3.114213094479029,2.8117801525400274,3.9062822296251367,3.8326641278811695,3.711389733198244,3.5158716392020817,3.4807040212119156,3.302185938285333,3.1362885576731325,3.1711423791743485
LT,2010,3.7076446718384837,3.576578916669974,2.4829838624956757,2.5031839295599925,3.3525886864813037,3.2511433952111917,2.7716526620148723,3.6027339696240404,3.412484536961993,3.2780146963229395,3.1659923618570236,2.9036668926716027,3.75635568220704,3.730715778756418,2.629750339090681,2.7005071252473605
NL,2010,4.650359093161049,4.507613488164975,2.769501401419873,2.676620288675681,5.119104579630895,4.966733870967742,2.492081225239369,2.7974632111358875,3.9309606859966575,4.017428160227731,4.353533653211686,4.07814680367945,2.955887578615375,2.8382504286358916,3.9299007843463314,3.879315317579575
NO,2010,4.963509316770187,4.801545909974578,2.7507543089465067,2.6573999536176838,5.316770186335404,5.069409728898289,2.1699133807992097,2.67624333185869,4.093999094202898,4.161745340678542,4.271053882802721,4.1559087496587495,3.121540634944625,2.98838505519833,4.176741828278834,4.1628091771450695
PL,2010,4.477489873477788,4.334273513729174,2.482360212998842,2.477347152567265,4.130427379533458,3.942195621357694,3.7879423269218027,4.283103792941508,3.4534612094492334,3.2934107490221938,3.787589728766199,3.5451909053021664,3.404247431202037,3.361050436229538,3.01487957114003,3.0816667416366066
PT,2010,4.09220388046189,3.8394252387376087,2.481653460524846,2.3109995414198194,3.3095515919319887,2.708194905869324,3.0941901847750084,3.886067431673124,4.166891814041202,3.943935810123006,3.699642431466031,3.3736979166666665,3.3868513056654326,3.4259658134485913,2.730573609123772,2.788154121613722
RU,2010,3.8919466508389524,3.6913997838616295,2.3941094296912078,2.342298578291718,3.369453463203463,2.816393442622951,2.259531534962987,3.076264261626431,3.459536312308779,3.4714213501662385,3.5488122154078043,3.062664604022566,3.903187078925614,3.9519472316209154,2.6131252937682405,2.829851032357778
SE,2010,4.946134428416832,4.681841050415865,2.5314704033298985,2.4765431691687474,5.025069637883008,5.027141023289932,1.9331857936536203,2.4160898871695786,4.011361057510258,4.007394108886407,4.660732437201663,4.406757323644691,2.8901374956795185,2.66608559983133,4.078941529781856,4.103311553500809
SI,2010,4.546067822327491,4.400758773006481,2.43313822441088,2.435723391883246,4.154487601492209,3.9477398436009916,2.5175644522976595,3.0063922071165265,3.59118909764071,3.436197211898146,3.9456274674004064,3.730007274101514,3.489813317321318,3.4388334124064723,2.7495379155924624,2.697971027968587
SK,2010,4.106591798429502,3.9878011670101685,2.690464801976022,2.6811446598875164,3.664604948124501,3.271403242147923,3.1973787857539064,3.891661797634066,3.532735638493965,3.3426932876789404,3.8834741773563106,3.509747249963815,3.513274426545595,3.56876680525509,2.7591261310133746,2.929782280467551
UA,2010,3.589748893898238,3.3207637219439077,2.3809693908991396,2.3022620658980157,2.5866346538615446,2.268391077361177,2.856398871959634,3.622865695862591,3.68611894243557,3.6760088043077057,2.79114893459044,2.5649919589994177,3.842504757199857,3.7853598383550247,2.0706914216527874,2.1290948799530054
AGGREGATE,2012,4.445589835504011,4.220656760806186,3.274522622252114,3.253241653341845,,,2.607655983568784,3.105509421350211,3.5176172827114627,3.4668242211794023,3.769995355772008,3.4957624961049927,3.3106335515913954,3.253862586975147,3.2943336657253073,3.255859602434489
AL,2012,4.082476795422295,3.933950562214639,3.6203912441847175,3.2385941758406833,,,3.240922446917421,3.5797713809520886,3.4302641389847603,3.0277682701717343,2.5091288898590793,2.4238782317250136,3.5752671043640962,3.5466069415995136,2.585068239683856,2.8594529126123143
BE,2012,4.650978777899744,4.48253568436338,3.1341049866708484,3.1139646997745976,,,2.33799172696877,2.535864031770455,3.6375333884911516,3.6440254992077317,4.138909961296287,3.930878431197675,3.06433646661732,2.985955965150417,3.590940213670105,3.5286376240312856
BG,2012,3.7001017876030646,3.3885523965131017,3.8352815323345237,3.856972832823698,,,2.5225758343277307,3.1897746058040037,3.394908123973499,3.2577486310956814,2.7931175294053143,2.497589622208303,3.34462705905174,3.2229843090998,2.215776087185388,2.2724438589583205
CH,2012,4.9889428117574575,4.7916962795408535,2.6661466907770186,2.6431824223107525,,,2.747547375260012,3.180058288323919,3.808257171597502,3.825163957256295,4.4010037511965985,4.156904955904727,3.104178011668953,2.9919018030403244,4.114596974196551,4.1775680361414835
CY,2012,4.587348816078981,4.321631755005196,3.4727424506387914,3.3564841190247385,,,3.7390319448100584,4.493217759187618,3.2737361996605228,3.124221966492548,3.1124531356509886,2.9360068084297515,3.617742349720564,3.593729354777109,3.1064240989338305,3.056970808271154
CZ,2012,4.245528476331039,4.080229793942734,3.559147497045288,3.536755812999232,,,1.6092838640145584,1.982938857373316,3.3208183831730467,3.3063040037976044,3.8938934802571166,3.5035096115498128,3.5057822427503567,3.357235203335257,3.0035512373080713,2.9071376507994713
DE,2012,4.556739662539768,4.382551548999386,3.1071493080163055,3.0513561277092447,,,2.4149468109017524,2.720051470167004,3.6918645940640116,3.731183161269629,4.089817824386388,4.006685949143854,2.946619298089542,2.8276987005396284,3.7456794801718236,3.716809560656868
DK,2012,5.157930969161076,4.938753940910391,3.298274589338841,3.3094919595219423,,,2.1228168838766464,2.5979226458931257,3.899947175120877,3.9861879556306836,4.555721810011147,4.450801679709868,2.8835491254088357,2.655331911747986,4.4509736779221685,4.493879599007901
EE,2012,4.113103750736814,3.9820121548915255,3.2728183640007282,3.3062867850757622,,,1.9245105876561277,2.42045337184139,3.02691540692085,3.088690436407378,3.8748066248066246,3.535571627191688,3.616887991345008,3.4890245978275565,3.33630848821219,3.364979212468118
ES,2012,4.538597059277858,4.25546616303281,3.1379885158397722,3.1166233574117563,,,2.5634483602545277,3.096493227372523,3.6787641407020555,3.5686553334246107,3.6134656545792234,3.4852016396602385,2.8710928646015526,2.8863508297098233,2.9355875084604364,2.894575361559461
FI,2012,4.879663411726116,4.751986415364921,3.0517332108119795,3.0815831947443364,,,2.433198010510741,3.053813409865825,3.5939094888922956,3.6857552879676163,4.216988267382927,3.9316438550092343,3.1535596955493364,3.0201477567547825,4.345003801602941,4.31214100133068
FR,2012,4.410136316034453,4.168955602935417,3.4357517482517483,3.417753296638615,,,2.200426725658181,2.642605916219297,3.8086417780270616,3.870562739218826,3.8329248366013067,3.6406063651644396,3.1394561863604054,3.054881100564535,3.2991949940411547,3.411211329773842
GB,2012,4.577269458970484,4.403391629458785,3.5104193965428276,3.4308537203640403,,,2.407814643347051,2.8041204357994265,3.5330705034500283,3.621671992994577,4.020282619637854,3.835175242964076,3.1389761356040045,3.1035174795921794,3.583678731754919,3.6207513790463466
HU,2012,3.888741456247418,3.86651356121322,3.1906065885049317,3.1427308524852684,,,2.162850366395514,2.767752414902714,2.9711873878308386,2.8984992827037934,3.3152650983146064,3.215882435835365,3.6546315202883104,3.558140828575611,3.1495452514923503,3.2587760790896816
IE,2012,4.523405874216879,4.4061291249163546,3.5102626893194433,3.3696414769357492,,,3.3147016864447427,3.8361074778215603,3.421334031646962,3.4348440502920035,3.2934813012966226,3.195105342398911,3.011642327425007,2.922751959255192,3.506572343701444,3.480003800587658
IL,2012,4.791404873988548,4.773469122326192,3.076365326391519,3.0015507963707533,,,3.2122321918060206,2.9468039400887798,3.578765850062146,3.537280618430548,3.67966852202521,3.5208602509007534,3.5540144251909234,3.312987329434698,3.3105471391723618,3.311209165028362
IS,2012,5.058894117891999,4.8542575156230345,2.867519735166794,2.885845247189785,,,2.4562049974763447,3.110027342453943,3.7429406624464416,3.9638395719013215,3.9053989121451496,3.7279396883222016,2.7958938627770653,2.5309001788765606,3.8663518824450054,3.9761125887661812
IT,2012,4.424484638104808,4.156065974883644,3.114192194347481,3.1237580398012863,,,3.1589209875916953,3.8233802959175645,3.4406371798928954,3.3628290220321566,3.6742081255606145,3.3759115678967824,3.1865783512911805,3.1461162835418093,3.1243437798281897,3.059219683812778
LT,2012,3.902175092444363,3.765117772457682,3.392570649825789,3.344293858319876,,,2.7921327239509055,3.5323917746166287,3.002602062273317,2.9375205111612783,3.929339764813606,3.5419780148864257,3.7966631376430713,3.7435544102946916,3.006530670283992,3.1230749869143346
NL,2012,4.722408406549932,4.5256733447551705,3.340060823244003,3.338197609009398,,,2.412514501989801,2.7336495836256063,3.85551521476336,3.923665891249989,4.446194071443373,4.132826066358967,2.9309861873842493,2.8188973450354045,3.9644558547765474,3.8676943140650315
NO,2012,5.070811783951233,4.809227815075056,3.170147842530514,3.1466650111446124,,,2.16583461773635,2.6006435615181744,3.875809375210352,3.977627939615145,4.3514194937080655,4.212245973664503,3.079348535049658,2.9081085921633316,4.231999770867703,4.261624502140809
PL,2012,4.501658339684474,4.347712130392015,3.1182026294250047,3.0410821228136515,,,3.7169528899070343,4.267018408864344,3.378654031412717,3.2604651928479846,3.7140319011683642,3.506252789936906,3.3533098499765344,3.293577202428315,2.8190832461975166,2.886048046462513
PT,2012,4.10579915331434,3.8885988387708226,3.5552178425970413,3.5997326788977144,,,2.6975699114143494,3.6696535336496745,3.8132904620924926,3.626611155606927,2.9695273749325675,2.7776888578180063,3.372006467260494,3.3237041588425726,2.761243313619662,2.784715490738577
RU,2012,3.8920600563891425,3.674928697992636,3.1494947743501154,3.282787901388861,,,2.3387713114878106,2.950929562648074,3.277962757455629,3.2246170894208066,3.828121752753665,3.4067472892100525,4.047964890680338,4.065386041225539,2.558586072051344,2.7335797438955463
SE,2012,4.923746882452413,4.701368794522441,2.9546564391058645,2.912489557226399,,,2.020394361459888,2.3875169941910763,3.988168402308719,4.093436951322356,4.5316661359721095,4.312488923859955,2.849292189514793,2.666244118450082,3.9309811006338564,3.981027592260404
SI,2012,4.595712494748605,4.4873710173981305,2.84981699568909,2.7939065813241184,,,2.456647930415715,2.8868302951124125,3.4417212643587938,3.2934374773102992,3.8767245551081526,3.641910652799327,3.44922660845002,3.2432963374234607,2.7773191636121317,2.869893536098253
SK,2012,4.212709059704439,4.067047247800683,3.582757288335848,3.505681532775129,,,3.0956012738501903,3.8627793890562274,3.1670894401648995,3.168241941743375,3.5394683435798746,3.1945078812362757,3.6875364013172454,3.6482223196295274,2.6303061233244813,2.716814696694151
UA,2012,3.682258159283446,3.511539924290667,3.176486097140674,3.1630856782893817,,,2.8407451031761553,3.51144095774429,3.3050827770098192,3.332527805043803,2.9603103426632837,2.6647479434660566,3.966606985283042,3.940481384413888,1.8947421687694062,1.9656149363287778
XK,2012,4.15949207578972,4.1723653406905585,3.714885251053887,3.4155124509790333,,,3.8270122226551755,3.8251040548675115,3.480207253934491,3.2084312975090863,2.958294635567297,2.9469609457566297,4.165566143926729,4.184284916545476,2.5396912813372423,2.5492568257525807
AGGREGATE,2014,4.591222516676444,4.372937764428497,3.171498417113413,3.1727090308833317,,,2.4907558550636577,2.9439607990256995,3.558318938323182,3.521352742786757,4.03471167443418,3.7978473992748545,3.1488520752773295,3.0887647209657065,3.555108223254058,3.501421093244898
AT,2014,4.663904969581779,4.598898149626539,3.1601828065564357,3.0753136093720554,,,2.7272271478177976,3.1683276656430484,3.6540291790141954,3.6192127881782508,3.816166321601104,3.769525373415001,3.204157240855705,3.072235698884509,3.6211452033396063,3.5900982231766285
BE,2014,4.659851729114015,4.499517984094706,3.0783848981665836,3.1235348521606574,,,2.35336353127944,2.5990707086500486,3.7156745198546006,3.6436569358570594,4.115055786624414,4.066981009630775,3.0602808600089393,2.9377770928463174,3.54400374524806,3.508125477353373
CH,2014,4.959667613781805,4.811299889728833,2.65475710224923,2.621663218305803,,,2.742473560688411,3.1544231983744133,3.800001729116594,3.862572135266674,4.3176140237234115,4.182480850012355,3.0755620837415965,2.903173217706376,4.149518469976184,4.185217768459899
CZ,2014,4.369780223069416,4.1849293557592615,3.2961891490413926,3.3655575831305753,,,1.7091087095567383,1.9814037051085152,3.2635929974439235,3.225847513276444,3.7137171089061125,3.4245414910151437,3.450601656284922,3.344732526642602,3.3444590093943334,3.2043202026563797
DE,2014,4.6133455476323375,4.350580868628336,3.075641707673893,3.027751928981198,,,2.350619997379446,2.6752097831254193,3.7077155465717913,3.7455870622983536,4.343575873305135,4.157221488781772,2.8942559261286838,2.799535571584905,3.7789234206224287,3.6518060978608613
DK,2014,5.105773674143039,4.880797356789283,3.186521065913812,3.2292479048624427,,,2.1699759667501604,2.5387404990127536,3.9056322447008083,3.9268771149640216,4.5244317144561945,4.46790934108389,2.9320842961294407,2.6976451659615446,4.340738194402928,4.338654719674121
EE,2014,4.191464269655672,4.006573202861402,3.1656746593726144,3.320160066282269,,,2.0253568644496682,2.608114013059079,3.016572276105132,3.083201919470915,4.047561950439648,3.8257887517146774,3.55969963060809,3.521031041525698,3.473391313003235,3.468501417847151
ES,2014,4.544822934428286,4.342140374413192,3.271244721459584,3.2068178871276216,,,2.303402154529367,3.0737218084866105,3.7732238239150973,3.639664920811263,3.7735489867146845,3.685845930196745,2.755673297998433,2.8589360430103183,3.0980784099566843,3.0769915014710434
FI,2014,4.840030527817373,4.722869116562492,3.129841993124007,3.052182880013069,,,2.405792962027961,3.0989330059492617,3.6089946477879824,3.7474584342676462,4.0808395705655975,3.9869179860401767,3.17398129960216,2.9996284432086213,4.236595083382638,4.177918044929901
FR,2014,4.428202060682627,4.11013524843997,3.2844954713710877,3.3689314472069527,,,2.2582974389260135,2.740049567531603,3.7361275613294893,3.765322274007533,4.077205644439876,3.704561771085376,3.032040895656633,2.955372276571312,3.3304378422272287,3.3429122528769426
GB,2014,4.572679786621184,4.364663691972871,3.5598176237824672,3.442415277540725,,,2.3133951049227224,2.682007181095512,3.524736188245115,3.6506236942177637,4.048801728521729,3.79339908167748,3.1124612736551214,3.021137661018525,3.571501365604296,3.5331988609156197
HU,2014,3.9690038095506033,3.936604046948829,3.186616891457932,3.1990663461059343,,,2.151496869731106,2.688596734890718,2.9913501005707044,2.8676453160064574,3.8604961236194386,3.750990792246081,3.6628648214245003,3.568960100136683,3.071538063058977,3.205047514873718
IE,2014,4.555529930273653,4.437231085946861,3.379488989271598,3.2415565995647713,,,3.435936696606842,3.7853496850927115,3.397963275831367,3.383315496944699,3.574440259468508,3.33853115098117,2.961852405691323,2.907410927199549,3.5054077120953693,3.4799623852345047
IL,2014,4.873674828695523,4.663434355285931,3.0817584744468007,3.0320325608166536,,,3.0907830445299247,3.0356327971638155,3.300191101733939,3.343159870302779,3.7584775547799105,3.5129072592633355,3.3664844367542757,3.305158505102213,3.236958855113528,3.2230205526240767
LT,2014,3.994273655119052,3.795159294885895,3.3925929628148737,3.4000548864769486,,,2.705334903519299,3.5175062738940297,3.0192325799982958,2.981087517067054,3.873966498082438,3.4213056052636333,3.76306808361243,3.752570876347774,3.075757817295979,3.1966978290356796
NL,2014,4.673432741685968,4.516676195921479,3.3842102080261505,3.4039776887960986,,,2.346480123415921,2.6009566848939585,3.8712479709939758,3.9552610988669694,4.340880062421414,4.187924528471669,2.914212365230465,2.7515154627063443,3.895724176917488,3.830813820878402
NO,2014,5.029276130072728,4.762936464749664,3.050920764899252,3.072262697451862,,,2.1163063833100044,2.5521017267171415,3.800067398751293,3.899633902451525,4.433677176038206,4.207644741591726,2.9762647635151716,2.8259578970656407,4.291481661436851,4.314450914337133
PL,2014,4.494396853432957,4.3203076690643645,3.021314502468079,3.078247026312628,,,3.720936368268408,4.341123147299104,3.3979532901191494,3.242164105253163,3.8590563165905634,3.5600537113554482,3.4789962049689733,3.4048040329210747,2.7306369797317482,2.81321594068582
PT,2014,4.168357357580995,3.925290588254494,3.152427273353566,3.185488041089843,,,3.113211863059536,3.802865870938256,3.6898241025456797,3.5069398322926912,3.6126808666204884,3.2109078134484106,3.1960494919095814,3.2400887534418694,2.981179306669402,2.8423801659569654
SE,2014,4.937419578612902,4.70276587565241,2.923177374539913,2.943599878382487,,,1.9693034424570655,2.311280551924926,4.0029719707424345,4.031974979919513,4.6655654951039995,4.509461842795176,2.7053510714102713,2.5122824036001195,4.051276999224874,4.024436065054356
SI,2014,4.467047820863061,4.3092483083719335,2.964984630882763,2.835367038240754,,,2.45949332411406,2.95527340871686,3.449414281263717,3.3149382416796054,3.9433901429735654,3.7084242409487227,3.2979774179549395,3.2163005005746945,2.771858851212142,2.7328548520450204
AGGREGATE,2016,4.5854075371187655,4.39478198748216,,,4.671696496572734,4.482590797993225,2.52915344719421,2.992566036672457,3.5589529267037805,3.5371141975482456,3.988743943139751,3.76945047820359,3.1625134985615997,3.105342549565299,3.57462782284377,3.5807267672586742
AT,2016,4.639256699680891,4.580376794252354,,,4.540277777777778,4.276600541027953,2.709790357867721,3.1397559175458465,3.7035429556823565,3.739562858441323,3.930908832364599,3.7959649302707135,3.1896467663947345,3.0226434851170567,3.850140615895969,3.8790903614694545
BE,2016,4.706672708003379,4.489827662385299,,,4.927564825253664,4.819681456200228,2.307921545473748,2.647263304259891,3.705436552674433,3.746808241688788,4.22794359116953,4.075300564521631,2.9339689932803097,2.8171197482700854,3.635981106520829,3.6488701951553044
CH,2016,5.013525091536108,4.879124416368321,,,5.190521628498728,4.812925170068027,2.6220378315426367,3.1390783175181585,3.8477436165386862,3.8770193623042277,4.340898715044453,4.199817614024038,2.9762452028743263,2.8816426690735124,4.198280279370134,4.213788521055896
CZ,2016,4.3216320860554,4.185005483585648,,,4.738605287146764,4.567619453924915,1.6793745715367276,1.9764633651172323,3.283871650402501,3.3582553657867322,3.802061602092233,3.5704982134069363,3.453644995641512,3.3382689209330403,3.37252038223019,3.46508935401987
DE,2016,4.574806128065337,4.356207848959819,,,4.901690981432361,4.61328125,2.33886069568188,2.7093748502166353,3.7759803370619136,3.7640243163671863,4.348556118345325,4.245864515639703,2.8998469898743298,2.7919894990646394,3.885395812017846,3.8225294360931614
EE,2016,4.361254280451678,4.245575299933094,,,4.572972972972973,4.418647166361974,1.9502977310210703,2.5147201122422924,3.1973371961983674,3.219752726319746,3.7805968890238555,3.537741347469992,3.490884265369116,3.368789314986487,3.687927765875186,3.735516075902945
ES,2016,4.646834164398891,4.424037063195221,,,4.473076923076923,4.386317395727366,2.4447919954285093,3.010026657573496,3.7608299910555814,3.720382252556767,3.7757571131496235,3.5716917182434424,2.7472521898281412,2.72188606497817,3.136970069661153,3.1528497650622307
FI,2016,4.877936275512874,4.786370597786224,,,5.22216441207076,5.019709543568465,2.386592900928471,3.0628305604892496,3.6128656122226652,3.72952906933932,4.1487584602975485,4.03619051222924,3.082419817988861,2.8938582237179404,4.320003964124672,4.390506598374475
FR,2016,4.468303409326694,4.157984568455897,,,4.666054564533053,4.461280214861236,2.2202578893213936,2.6820687356272104,3.7468997634347576,3.6791336527511995,3.998768932934455,3.6509573845400256,2.932478736771375,2.9443134796524153,3.3441632999428115,3.410012626140204
GB,2016,4.679563018166319,4.442437868853282,,,4.803038990825688,4.74885004599816,2.2100606751603054,2.716739274156255,3.5718426764235782,3.6666805844517127,4.1268155887333045,3.999645760228449,3.005675241933826,2.926189280928478,3.6878503400018587,3.7042460158235335
HU,2016,4.191416727831762,4.14584108884312,,,3.8518518518518516,3.818496801705757,2.25958727127153,2.7045883378401343,3.052039862488717,2.8374528826044916,3.55299079287569,3.395601851851852,3.714352312836275,3.668493980020008,3.4790090708845653,3.665477481188617
IE,2016,4.651900811132811,4.625785743531728,,,4.497222222222222,4.6885683760683765,3.2284044506836125,3.72996611612203,3.4350240656883178,3.51405103131864,3.7109169696424544,3.6961177835069554,2.96510439089096,2.9493782228567405,3.5684812240106467,3.5511143372121396
IL,2016,4.945619021547371,4.852577831246201,,,4.706193969030155,4.697129909365559,3.2591079554970315,3.0329141163068307,3.4850008016956333,3.4163264063089165,3.397525562848143,3.223038284206445,3.339890046800998,3.277227364499813,3.2545364992896135,3.2974620046542262
IS,2016,5.034631471054469,4.891022813753978,,,5.40668202764977,5.470387243735763,2.3853096852240117,2.943821799227978,3.8870843483831177,4.062228177904494,4.407608699128795,4.287356321839081,2.661556885379623,2.5062467556856247,4.010943608268785,4.082031701044455
IT,2016,4.366103663788975,4.15208607866534,,,4.372752150117279,4.122652141247182,3.0360384005028016,3.6567979973588436,3.4513158297773034,3.3420136301236045,3.6745415705843247,3.516802142576992,3.315596227635946,3.253728543414815,3.177197079438871,3.1409802624263725
LT,2016,3.996923424741985,3.8164496399618155,,,3.9869186046511627,3.8561507936507935,2.880439061683633,3.521427470952785,2.9710564463274705,2.948512654840657,3.873156220982308,3.410316153737739,3.686184594471678,3.648090233014337,3.3906569002167792,3.4250819464373623
NL,2016,4.7141591300907955,4.557016461816954,,,5.4041278295605855,5.348060344827586,2.2687137509850275,2.615610751139909,3.924995564043588,4.036671768282525,4.5130855277368935,4.315727763021947,2.90910035233047,2.797629967412817,4.021514900794999,3.9493092469661106
NO,2016,5.041455679977651,4.802482496757117,,,5.576807228915663,5.428321678321678,2.141452388196622,2.4553001081670334,3.8456668752482677,3.9984314386991193,4.390174876802392,4.2602073687785635,3.007777746946376,2.8065369567518847,4.347243588185607,4.382931181020278
PL,2016,4.573803002611637,4.43054890359397,,,3.9430970149253732,3.9477401129943503,3.8154865737614116,4.2336241739856755,3.4004708131284507,3.323657485376124,3.801848863510979,3.710386723469772,3.3875020304506216,3.279780208123729,3.02896411191148,3.0478030938552028
PT,2016,4.369953465472333,4.125313226145034,,,4.214622641509434,3.831081081081081,2.874278982324823,3.823577165114458,3.850080509521646,3.6300284699163075,3.979558802894542,3.501417044545212,2.863922846820252,2.948966350555771,3.0721337906474955,3.093372880652724
RU,2016,4.006291951422753,3.8189523229764575,,,4.054347826086956,3.6386887608069163,2.27849695659655,2.933501173554763,3.1401026222339503,3.1625335189932335,3.5924859190988223,3.119144486420306,3.921348460246424,3.9487135720453943,3.0005684596258058,3.103225722164906
SE,2016,4.893204909468642,4.664237435508984,,,5.316709844559585,5.320231958762887,1.963793265024437,2.2922131868799487,4.001603945197485,4.078724315787706,4.66555604969443,4.6026910404811625,2.814445354175013,2.644990428067478,3.938545752967201,3.9480581751090678
SI,2016,4.630255057250242,4.46920450738156,,,4.297738693467337,4.027150916784203,2.533509418231342,3.048153649312379,3.524350400115303,3.420687626930325,4.107743628659963,4.001783037829727,3.3427799815663546,3.1889010759174585,2.9747110128581755,3.0499045429063205
AGGREGATE,2018,4.582919045290879,4.3877123320671165,,,4.730810211359485,4.535482287181812,2.535145238276993,3.0262461161593843,3.57284551700528,3.5285296710608876,4.0242264886754375,3.7467755597421024,3.181260711829706,3.112870102063285,3.5883980192713754,3.5509149520359506
AT,2018,4.793768262879614,4.697547577972856,,,4.747831743278404,4.531760772659733,2.6618166479032177,3.139017619516894,3.727757359529679,3.7482100329913757,3.98698150511754,3.8183511577501505,3.1991748808468348,3.0347094238594963,4.068034883357429,4.037503297561481
BE,2018,4.711124425762526,4.527749347516496,,,5.145040369088812,4.908509454949944,2.3422665147042423,2.7030159304283483,3.717231320916292,3.7309561720380504,4.190531514603862,3.991670590209003,2.922271912765465,2.834966211059489,3.672690626543691,3.70723456339902
BG,2018,3.68267286125203,3.4481351103023448,,,3.576923076923077,3.400777414075286,2.4064110315696996,2.9996033664389192,3.3256007283068274,3.248923805224738,2.8378990670648037,2.6124466597179534,3.8057557982580383,3.6883952749164397,2.455125091085225,2.5061365133434026
CH,2018,5.053335668136765,4.901541358311802,,,5.327419354838709,5.136245110821382,2.6092464040320142,2.987520176324719,3.825556938625431,3.873457396111785,4.327766832640686,4.101118800461361,2.9742425680612157,2.8022871874546396,4.287490519139914,4.225419430956546
CY,2018,4.622447881577963,4.3578782811781185,,,4.1113387978142075,3.8532608695652173,3.881740508952501,4.457600215227334,3.2244990892531877,3.0192054626272076,3.647482399755127,3.2542545747797105,3.523778431769731,3.539346691687342,3.091086157591374,3.1001417494305943
CZ,2018,4.391626998740333,4.307879357947048,,,4.7763409961685825,4.5202752976190474,1.6650270588910736,1.9949387726206596,3.2561764700806832,3.3590659166152768,3.8630844351236675,3.577426340646965,3.6012182298441062,3.476564234524954,3.4539271810757586,3.417445862671079
DE,2018,4.657124681897725,4.429754108573111,,,5.109942244224422,4.948516579406632,2.416599871623085,2.7683213375202445,3.798093553136408,3.795748669600229,4.410921467086784,4.298147165048367,2.865094506454831,2.739829646141565,3.9005083403249188,3.828975624291813
DK,2018,5.146166807060219,4.976619820229363,,,5.541420118343195,5.439655172413793,2.0754132118473794,2.457045164237948,3.9264191283693166,4.039399718625074,4.558837709538643,4.434263430144814,2.8543346771362956,2.6225812919060556,4.472615806733894,4.4914213815472
EE,2018,4.410554687121178,4.322109965071736,,,4.9097968936678615,4.597703842549203,1.994909079354106,2.427448435381046,3.1811876556981207,3.2037906622510284,4.004008407234213,3.7251746907173326,3.586887279150418,3.441267495943167,3.7367787314177607,3.863392587196073
ES,2018,4.626317861690146,4.40389027823465,,,4.8947990543735225,4.612971985383679,2.2188376201363638,2.9281772143869245,3.7785887065880233,3.678340399816882,4.036487343030872,3.681114463262632,2.7399779386387118,2.73780190876674,3.3847859708418357,3.312209536186144
FI,2018,4.927831309669896,4.791784708582499,,,5.31751179245283,5.260485651214128,2.4180282663767265,2.9734687651980813,3.635018787962819,3.742011669774197,4.326292782389574,4.107675292339158,3.10668491890806,2.9010257910642223,4.387117911344072,4.345001653697222
FR,2018,4.481480093107867,4.164448779716958,,,4.884320175438597,4.590474020054694,2.2866459892865563,2.7125970661666075,3.7212728296311783,3.6928316663435177,4.008315358041622,3.6379830774349955,2.8709421653424525,2.845056308594826,3.5773047894247054,3.515765089867049
GB,2018,4.573674365852372,4.430680632755322,,,5.0157973921765295,5.0464344941956885,2.20278373685779,2.597342228795457,3.5481068041409394,3.6880852650066074,4.171175424290544,3.9764144480279935,2.889930353636371,2.7831844189532124,3.6099367836769356,3.6329147913922077
HR,2018,4.652048585607654,4.522560325413662,,,4.562843406593407,4.519888991674375,3.070308513077457,3.687444067764078,3.60800452244627,3.4464425658487614,3.952576570534317,3.624034166991316,3.3504342260825895,3.266933175948551,2.5453394297326475,2.5907264768011173
HU,2018,4.141301784909322,4.078588158259809,,,4.069148936170213,3.9541884816753927,2.2057393464845334,2.7602123651566806,2.964224685874143,2.850096301979054,3.661227501008101,3.516207433526981,3.784609983581145,3.807877691587917,3.622657602723862,3.656066782398955
IE,2018,4.707287327358668,4.560373830351644,,,4.5585156993339675,4.8610871440897325,3.2038550094135583,3.6024599000817203,3.4845451288111344,3.5179295125251353,3.9563457589470126,3.696178837918106,2.76801589896083,2.7305135250133614,3.5996521605526905,3.5579273021929807
IS,2018,5.084698873260689,4.956153462579249,,,5.479166666666667,5.576704545454546,2.310251798561151,2.936008714136463,3.8109018468923295,4.06912181050112,4.782667743356335,4.51136948557241,2.5097588978185996,2.3229853188697427,4.072641555650521,4.001531061101827
IT,2018,4.363318492756,4.20530774398461,,,4.507722007722008,4.087370242214533,3.0621659739816205,3.5858400471839023,3.4632139545387983,3.3602402187422804,3.693790059070949,3.582211614018545,3.396584452393609,3.338562389903595,3.5175279849710974,3.5009113599527577
LT,2018,3.9861927988167247,4.041238223445811,,,3.784090909090909,3.8666534181240064,2.739657886579574,3.52215813134077,3.011606028823882,3.0989642536537994,3.310304907995849,3.169797495337064,3.7215707579172865,3.6083887683512756,3.166645663301168,3.426869862746855
LV,2018,4.233672327951989,4.093775908051969,,,4.489057239057239,4.176328502415459,2.2960134277817246,2.9403356319139093,3.1392175906064796,3.197832913456809,3.315036328194223,3.08145428559189,3.447189321889135,3.3874565747185543,3.065657115660746,3.1060185806740424
ME,2018,4.709322069104202,4.571341427347834,,,4.365542763157895,4.350253807106599,3.018346384740123,3.228271789156723,3.6442039771070154,3.4964598164154004,3.752686964011534,3.727502171475007,3.500402441460249,3.428246651201078,2.973417767153451,3.145637708366916
NL,2018,4.785235648746678,4.614717941339054,,,5.425270108043217,5.486607142857143,2.219224709114415,2.503409101837408,3.908693731843473,4.03382861141344,4.768635828995729,4.459363359765247,2.8281328650299584,2.7051340665841264,4.220208118402627,4.126607401677407
NO,2018,5.040177628933034,4.828399863536472,,,5.729381443298969,5.6939586645469,1.997464465854901,2.378001294653993,3.9314768979394876,4.094827716485695,4.419078732747068,4.27510826591709,2.8149687598635675,2.549118361282476,4.372769221717195,4.44138381684268
PL,2018,4.583933955052824,4.439217948132577,,,4.31805359661495,4.10126582278481,3.5665958617380737,4.1680338745152055,3.307872551347652,3.204072784605959,3.922422247387275,3.6968777542746345,3.40088824231394,3.3723187650549273,3.1296117546117546,3.260663388761563
PT,2018,4.476618515442754,4.232613553726818,,,4.51123595505618,4.227459016393443,2.865711463986214,3.6414391027241106,3.8107534735842,3.586337128082939,3.863702867653206,3.571469378600935,2.8829711383386414,2.8947893335362314,3.1967447461168006,3.1745198125036467
RS,2018,4.217292828039039,3.9901664210974372,,,3.6535532994923856,3.5496688741721854,3.0944625048934733,3.4813481564921105,3.558272414792192,3.3911881797896597,3.606007710838132,3.332338671451175,3.676067428720794,3.495161891594553,2.9226674447365824,2.97296287049055
SE,2018,4.930759986421136,4.734571501556201,,,5.453525641025641,5.424603174603175,2.007269462038828,2.2560632387706856,3.993052256944367,4.099425833865204,4.639163549945458,4.4978410889522,2.756889319095354,2.568481148853086,4.102312849564814,4.036702328198747
SI,2018,4.7310822716883445,4.5566706909340144,,,4.549180327868853,4.384016973125884,2.427833074133431,2.986813705652233,3.5229103696089243,3.4044254893350288,4.293068070852029,4.013143215408587,3.3603263960323844,3.2339882164739913,3.1131736474320686,3.1327189205412727
SK,2018,4.123598902098132,4.070266321217797,,,3.405566600397614,3.4028497409326426,3.3154887349613493,3.8425059535959725,3.107159432708105,3.0665801339886265,3.719539006171397,3.573291333629366,3.72079384464163,3.6464827861173106,3.081686903202325,3.1461677403682367
AGGREGATE,2020,4.496431192908714,4.306667622362165,,,5.0022778219683275,4.939810951341635,2.5350289519940006,2.9456829710991363,3.458351670198651,3.416203576708584,4.102061904182697,3.855521441749116,3.068094564600104,2.975280660172796,3.499239219986165,3.480579370627641
AT,2020,4.717267376145287,4.496299106319691,,,5.3125,5.223790322580645,2.3488892278715254,2.734497765993557,3.4545625981703036,3.5541026083429443,4.541895819265664,4.304071156417757,2.9378711802655024,2.775937423696215,3.739556551527072,3.616652464207901
BE,2020,4.764782155695322,4.5512437980544895,,,5.432663690476191,5.190956651718984,2.1654093125641634,2.5455652537443316,3.7387949705056385,3.772425236162538,4.403758258288328,4.171260638877219,2.8066643504351223,2.7644552223074856,3.668142600976539,3.654608661148464
BG,2020,4.1772201005105485,3.9008594095325186,,,4.383385335413417,4.463487071977638,2.429694624177751,3.168388954127343,3.5187439841439065,3.437715976688041,3.4458490637518446,3.1337451052797585,3.488473468800954,3.314281010877437,2.5330274824182477,2.6178175499103715
CH,2020,5.070228579801704,4.920638476241098,,,5.443021766965429,5.353856562922869,2.574845551250472,2.9405822492574027,3.7391539814723416,3.7695225147086213,4.413805526066067,4.2285713380959615,2.909440911029602,2.72530472206667,4.325060814952724,4.334366932994886
CY,2020,4.410350759606792,4.203123946787499,,,5.35,5.512072434607646,3.3007501955229253,3.633833537596674,3.204846621506217,3.1942372431518806,3.9546662999633293,3.6403421914166687,3.1731819235597216,3.0418328682192746,2.899038959835059,2.7196261745557515
CZ,2020,4.44619952273799,4.332471020206048,,,4.996282527881041,5.013440860215054,1.617126639601415,1.8888563956913582,3.308309021991295,3.3207862176842404,3.8506454324217403,3.5073501015310633,3.5228816886715855,3.369614943114156,3.6355209912691904,3.622983192924045
DE,2020,4.345958031676428,4.163766145861586,,,5.3016898608349905,5.229250176845084,2.210140209623147,2.4525623256266473,3.527916291201381,3.537790600468313,4.429426743812959,4.253816551752407,2.8125718988620063,2.6580345187668124,3.791837935725171,3.765622300991948
EE,2020,4.55683955575574,4.456066738138668,,,4.95021645021645,4.88545347467609,1.9576330327775413,2.437153580985686,3.0874789217884175,3.2531002452632642,4.2139900172687055,4.053951535441758,3.35304975883235,3.227423913376524,3.9166716910169304,3.958082873363472
ES,2020,4.345581034683264,4.11269623878987,,,5.17741935483871,5.121110176619007,2.2159835911568972,2.6708798764262567,3.5675003189728365,3.5760740852346804,3.9072016136565315,3.766868832546594,2.5711198892165137,2.45866586916678,3.095154472011121,3.101525467654674
FI,2020,4.903529885217145,4.805489921726295,,,5.408653846153846,5.4071518193224595,2.2694647718717036,2.7605698617013714,3.5228167728167725,3.603948068709793,4.355779750260034,4.173494349234898,2.9988675915130933,2.7773382410606304,4.536341716414053,4.563220778658348
FR,2020,4.632130369553562,4.313288312891175,,,5.161960985626283,5.055333998005982,2.315152117527873,2.633705768983343,3.7415318820013574,3.6860247792358884,4.499122534436713,4.18271805081532,2.851230226320697,2.7692941707249252,3.594158323588529,3.5632760871859084
GB,2020,4.53682188871061,4.265054689692776,,,5.150197628458498,5.0863141524105755,2.068224020207253,2.512634129456559,3.4883061114945177,3.5875587382230383,4.35277202668507,3.997192557051712,2.7484703424219292,2.7030314872594325,3.573848471803702,3.5298692773897904
GR,2020,4.3188664148716835,4.102021660575053,,,4.794977511244378,4.642979452054795,3.4814335010904123,3.9871970104174665,3.1425438596491233,2.9490518719743837,3.4050602697219237,3.2550132835186014,3.186238679302268,3.143585413800792,3.8150710276432016,3.780762118682013
HR,2020,4.723378565499749,4.632671961832632,,,4.564425770308123,4.588755707762557,3.0907186366761095,3.646554777142804,3.5914781966289886,3.379129441196087,4.09042878631999,3.9214705296694543,3.344014924322268,3.1468666663370435,2.6628294464444333,2.763325920665355
HU,2020,4.389416660480326,4.338463125765914,,,4.2428057553956835,4.248908296943231,2.2742097958022383,2.7789908323650465,3.003341473661394,2.9055159149920335,3.7216023473044246,3.6423958742311213,3.5034691134915152,3.5004984008635116,3.622337799841534,3.663143353330858
IE,2020,4.7731827143741095,4.570997267940941,,,4.812649164677804,5.015928725701944,3.1680718886794423,3.4537706970478954,3.2994364446438733,3.2856517384581116,3.9863415135437243,3.675964078606555,2.8166865396326948,2.7919817634238573,3.80531369366904,3.7342548729128713
IL,2020,4.5951618613518646,4.43838622300369,,,5.360849056603773,5.333333333333333,3.073384768640857,3.2301950222507787,3.55079043010617,3.4684355855862967,3.7413686212745976,3.3557715486900594,3.1853016050874703,3.256190874524959,2.863789069798836,2.8302752293577984
IS,2020,5.00211729852375,4.867517140137556,,,5.586206896551724,5.703525641025641,2.364940352846683,2.8203768761396826,3.771029653590137,3.9341636319995814,4.395275821596244,4.337376525782323,2.567336067108565,2.426883912052645,4.056831957409306,4.14908147792537
IT,2020,4.485396524755023,4.2364203638516615,,,4.811,4.507220216606498,2.874869295759608,3.5335070169507254,3.447153161276851,3.3196524692769103,3.9615015730527556,3.7739343414439013,3.11511012964517,3.028492578588508,3.4958259206545836,3.4540538896989443
LT,2020,4.259918117968416,4.130361275424436,,,4.57311320754717,4.487745098039215,2.5454211469303125,3.312787788266487,3.0442169585571723,3.125391037407113,3.8506689378615278,3.4692616858350975,3.4399165132590306,3.447459765687506,3.5312127418480124,3.4917988575808807
LV,2020,4.06315459288306,3.8967332023867267,,,5.304556354916067,5.452199661590525,2.1576895854387352,2.6021963379565882,2.9156840867458533,2.9807361955345875,3.795932719079193,3.537488629405045,3.3305414122132393,3.1924632775104556,2.9839290013772115,3.1178946219322667
ME,2020,4.526167612255346,4.531809967299677,,,4.631599378881988,4.83,3.279688647863375,3.370061085221827,3.5607363644341254,3.4118173689052553,3.6235972339258726,3.5421495210822935,3.425046791288959,3.324850217540135,2.96576649590733,2.920350478317966
MK,2020,4.3997857554039745,4.273849169939911,,,4.106646058732612,4.239074550128534,3.5789165884665306,3.8115569057429517,3.1017456727667327,2.946670576655675,3.3842506498390383,3.2196534613509025,3.8611922720758294,3.8387316801832934,2.6537378831650087,2.741700505842959
NL,2020,4.814682466603271,4.632375630405696,,,5.748333333333333,5.710069444444445,2.194778222815606,2.3283732766335867,3.9797787077567577,4.027375299311232,4.811126920321579,4.589429502208406,2.7528438620206526,2.647629439280427,4.237189682750373,4.156937248671778
NO,2020,4.990559739408092,4.815704625504227,,,5.781468531468532,5.788629737609329,1.9870840981984423,2.2639148326342062,3.8311450199769177,3.960174640128079,4.494656331367235,4.4046444121915815,2.7520895987637637,2.563395460203396,4.524300316936455,4.529266565674518
PL,2020,4.256149046737466,4.0179503097948235,,,4.71584008097166,4.697619047619048,3.3373839410028308,3.7038555658234116,3.186729388026995,3.0702225707276316,3.8999030883774903,3.6527734095328537,3.171961753575279,2.9735092673524575,2.643170060711554,2.64423179830974
PT,2020,4.361687408964743,4.111832018137946,,,4.299739921976593,4.081531954887218,2.773656968898738,3.595704821585464,3.543045481331927,3.4070401835154933,3.7381573183704973,3.291723218574124,2.891311919050933,2.916761474141671,3.204122694704585,3.2047436030681298
RS,2020,4.0832529135329025,3.828998360847676,,,4.602185089974293,4.962480857580398,3.0358398899353722,3.2691388250825457,3.467441276098372,3.3961343181214243,3.9818477459570936,3.7775672252204906,3.267829787873783,3.242352614396683,2.6986931138413675,2.664741126422669
SE,2020,4.557362599476745,4.344912416215222,,,5.571134492223239,5.593270868824532,1.7971702321017389,2.1119115578630976,3.70929614106431,3.8260880659368577,4.563595752233066,4.409868938757582,2.8814970679455962,2.6019440794402207,3.8100983328641447,3.801269197879746
SI,2020,4.761966815916574,4.700346004359349,,,4.79653130287648,4.712178517397882,2.4999791464146273,2.941327991012375,3.476977774697881,3.4285652171849037,4.2711358508024215,4.127824238982671,3.2022501797856076,3.0709227306717914,3.1424887497811795,3.2651759337224413
SK,2020,4.173533950947036,4.103285261166244,,,4.061145510835913,3.8657347204161248,3.208896828165594,3.7830003085703745,3.103947287140634,3.0642068323299156,3.7791815922806338,3.60438211852955,3.481985265958965,3.4269946590941913,2.977569118414189,3.0526326254672713
