country,country_full,year,wellbeing_men,wellbeing_woman,media_men,media_woman,internet_men,internet_woman,relig_men,relig_woman,social_men,social_woman,finstab_men,finstab_woman,conservatism_men,conservatism_woman,anti_imm_men,anti_imm_woman,trust_men,trust_woman
AGGREGATE,,2002,4.55,4.33,2.24,2.14,3.06,2.62,2.71,3.25,3.78,3.69,,,3.56,3.51,3.59,3.64,3.61,3.58
AT,Austria,2002,4.8,4.71,2.17,2.09,3.52,3.02,2.9,3.31,3.8,3.77,,,3.34,3.3,3.63,3.63,3.73,3.64
BE,Belgium,2002,4.64,4.52,2.14,2.08,3.17,2.74,2.46,2.92,3.78,3.7,,,3.46,3.38,3.83,3.9,3.4,3.38
CH,Switzerland,2002,4.89,4.72,2.11,2.05,3.86,3.21,2.86,3.39,3.82,3.86,,,3.52,3.36,3.29,3.45,4.04,3.91
CZ,Czechia,2002,4.09,3.87,2.21,2.1,2.37,1.97,1.96,2.35,3.44,3.36,,,3.74,3.68,3.82,3.97,3.04,2.97
DE,Germany,2002,4.37,4.16,2.16,2.1,,,2.28,2.72,3.68,3.7,,,3.35,3.26,3.58,3.6,3.61,3.59
DK,Denmark,2002,5.16,4.89,2.36,2.27,4.0,3.67,2.19,2.61,3.95,4.1,,,3.85,3.69,3.34,3.19,4.43,4.41
ES,Spain,2002,4.41,4.21,2.25,2.19,2.17,1.8,2.47,3.32,3.79,3.71,,,3.14,3.28,3.55,3.7,3.2,3.2
FI,Finland,2002,4.8,4.7,2.2,2.14,3.35,3.32,2.59,3.36,3.77,3.88,,,3.84,3.78,3.44,3.28,4.25,4.25
FR,France,2002,4.41,4.14,2.26,2.12,,,2.12,2.62,3.99,3.9,,,3.38,3.37,3.72,3.76,3.4,3.39
GB,United Kingdom,2002,4.5,4.23,2.3,2.11,3.14,2.72,2.36,2.94,3.82,3.83,,,3.63,3.51,3.66,3.78,3.49,3.47
GR,Greece,2002,4.35,4.06,2.1,1.89,1.85,1.43,3.92,4.54,3.56,3.13,,,3.8,3.86,4.23,4.35,3.69,3.69
HU,Hungary,2002,3.89,3.76,2.14,2.07,2.08,1.8,2.31,3.11,3.16,2.96,,,3.53,3.42,3.93,4.05,3.29,3.34
IE,Ireland,2002,4.77,4.52,2.55,2.37,2.9,2.65,3.75,4.24,3.87,3.69,,,3.71,3.7,3.25,3.41,3.61,3.53
IL,Israel,2002,4.58,4.37,2.44,2.32,2.94,2.49,3.02,2.78,3.89,3.85,,,3.53,3.75,3.59,3.61,3.68,3.69
IT,Italy,2002,4.36,4.08,2.1,1.99,2.69,2.11,3.18,3.95,3.54,3.34,,,3.38,3.41,3.74,3.73,3.62,3.62
LU,Luxembourg,2002,4.73,4.54,2.26,2.18,3.52,2.98,2.32,2.89,3.85,3.68,,,3.48,3.5,3.06,3.18,3.96,3.86
NL,Netherlands,2002,4.66,4.48,2.33,2.23,3.75,3.1,2.64,2.97,3.88,3.91,,,3.75,3.57,3.66,3.67,3.72,3.63
NO,Norway,2002,4.94,4.67,2.37,2.33,3.94,3.39,2.24,2.73,4.16,4.2,,,3.74,3.58,3.62,3.56,4.0,3.96
PL,Poland,2002,4.05,3.86,2.18,2.07,2.09,1.91,3.9,4.49,3.45,3.25,,,3.54,3.56,3.36,3.41,2.86,2.9
PT,Portugal,2002,4.1,3.85,2.31,2.17,2.1,2.18,2.97,3.93,4.05,3.81,,,3.39,3.53,4.01,4.04,3.0,3.03
SE,Sweden,2002,4.85,4.63,2.15,2.14,4.08,3.53,2.06,2.5,4.02,4.0,,,3.54,3.33,3.01,2.83,3.93,3.92
SI,Slovenia,2002,4.42,4.21,1.99,1.93,2.83,2.55,2.66,3.16,3.65,3.4,,,3.43,3.27,3.77,3.78,3.0,3.07
AGGREGATE,,2004,4.46,4.24,2.18,2.08,3.23,2.81,2.69,3.22,3.74,3.64,,,3.59,3.56,3.61,3.69,3.44,3.44
AT,Austria,2004,4.71,4.57,2.06,2.06,4.03,3.48,2.86,3.27,3.9,3.76,,,3.33,3.25,3.77,3.82,3.57,3.53
BE,Belgium,2004,4.67,4.49,2.1,1.96,3.61,3.03,2.35,2.79,3.81,3.77,,,3.47,3.4,3.74,3.77,3.5,3.45
CH,Switzerland,2004,4.92,4.75,2.07,2.05,4.18,3.29,2.99,3.5,3.86,3.83,,,3.63,3.42,3.39,3.46,3.98,3.92
CZ,Czechia,2004,4.12,4.02,2.04,1.98,2.49,2.26,1.78,2.19,3.39,3.31,,,3.68,3.71,3.86,3.99,2.73,2.78
DE,Germany,2004,4.35,4.15,2.16,2.05,3.43,2.92,2.23,2.75,3.63,3.61,,,3.31,3.18,3.7,3.69,3.47,3.53
DK,Denmark,2004,5.1,4.86,2.35,2.25,4.39,4.03,2.23,2.69,3.96,4.01,,,3.81,3.66,3.31,3.22,4.5,4.41
EE,Estonia,2004,3.88,3.8,2.22,2.14,3.27,3.15,1.88,2.43,3.35,3.34,,,3.58,3.57,3.98,4.05,3.26,3.36
ES,Spain,2004,4.49,4.28,2.2,2.04,2.85,2.49,2.52,3.14,3.94,3.86,,,3.19,3.2,3.35,3.53,3.39,3.36
FI,Finland,2004,4.81,4.72,2.21,2.15,3.72,3.66,2.57,3.36,3.74,3.9,,,3.9,3.86,3.38,3.23,4.29,4.29
FR,France,2004,4.4,4.17,2.19,2.1,,,2.09,2.57,3.95,3.95,,,3.34,3.41,3.78,3.79,3.33,3.34
GB,United Kingdom,2004,4.47,4.23,2.2,2.11,3.18,2.9,2.46,2.91,3.81,3.77,,,3.52,3.46,3.63,3.77,3.42,3.45
GR,Greece,2004,4.44,4.19,2.04,1.8,2.12,1.69,3.81,4.44,3.34,2.98,,,3.75,3.92,4.15,4.38,3.48,3.57
HU,Hungary,2004,3.89,3.84,2.05,1.93,2.45,2.37,2.33,2.97,3.08,2.99,,,3.55,3.51,3.91,4.05,3.0,3.11
IE,Ireland,2004,4.8,4.58,2.32,2.17,3.03,2.82,3.85,4.37,3.73,3.49,,,3.62,3.66,3.12,3.22,3.67,3.62
IS,Iceland,2004,5.23,4.96,2.18,2.11,4.9,4.65,2.79,3.34,4.08,4.22,,,3.67,3.43,2.81,2.7,4.05,4.04
LU,Luxembourg,2004,4.66,4.46,2.13,2.01,3.52,3.05,2.45,2.94,3.77,3.71,,,3.5,3.7,3.3,3.5,4.0,3.91
NL,Netherlands,2004,4.63,4.41,2.26,2.18,4.13,3.55,2.58,2.99,3.87,3.98,,,3.64,3.54,3.55,3.66,3.73,3.63
NO,Norway,2004,4.9,4.69,2.37,2.35,4.43,3.89,2.22,2.69,4.23,4.23,,,3.67,3.36,3.6,3.55,3.98,3.93
PL,Poland,2004,4.13,4.01,2.19,2.05,2.43,2.32,3.9,4.46,3.48,3.34,,,3.74,3.69,3.22,3.26,2.49,2.66
PT,Portugal,2004,4.09,3.85,2.11,1.99,2.38,2.06,2.97,3.79,4.11,3.93,,,3.48,3.47,3.99,4.17,2.85,2.83
SE,Sweden,2004,4.85,4.59,2.14,2.13,4.22,3.79,2.02,2.44,3.94,3.98,,,3.61,3.61,3.04,3.0,3.75,3.73
SI,Slovenia,2004,4.48,4.3,1.99,1.92,3.17,2.92,2.57,3.17,3.76,3.49,,,3.5,3.5,3.67,3.76,2.89,2.98
SK,Slovakia,2004,3.95,3.75,2.12,2.01,2.6,2.3,3.14,3.69,3.7,3.51,,,3.47,3.4,3.79,3.8,2.73,2.74
TR,Turkey,2004,4.25,3.97,2.39,2.06,2.23,1.82,4.48,4.07,3.63,3.29,,,4.19,4.13,4.13,4.24,3.59,3.73
UA,Ukraine,2004,3.48,3.17,2.41,2.38,1.52,1.4,2.77,3.5,3.71,3.58,,,3.82,3.74,3.57,3.63,2.62,2.75
AGGREGATE,,2006,4.45,4.19,2.19,2.09,3.56,3.09,2.58,3.16,3.79,3.73,,,3.56,3.51,3.58,3.64,3.4,3.38
AT,Austria,2006,4.69,4.55,2.15,2.09,4.27,3.85,2.83,3.25,4.03,3.93,,,3.41,3.34,3.84,3.96,3.61,3.61
BE,Belgium,2006,4.63,4.48,2.19,2.03,3.95,3.59,2.37,2.88,3.79,3.76,,,3.53,3.41,3.63,3.7,3.52,3.55
BG,Bulgaria,2006,3.62,3.35,2.28,2.12,2.06,2.07,2.28,2.87,3.8,3.8,,,3.23,3.06,3.21,3.09,2.26,2.39
CH,Switzerland,2006,4.91,4.77,1.99,1.94,4.42,3.73,2.91,3.46,3.91,3.91,,,3.59,3.42,3.29,3.41,3.97,4.05
CY,Cyprus,2006,4.83,4.62,2.14,1.87,2.49,2.19,3.72,4.42,3.34,3.28,,,3.61,3.6,3.81,3.74,3.62,3.7
DE,Germany,2006,4.38,4.18,2.14,2.03,3.7,3.07,2.27,2.71,3.63,3.66,,,3.26,3.16,3.74,3.76,3.56,3.5
DK,Denmark,2006,5.1,4.86,2.33,2.23,4.62,4.25,2.22,2.64,4.03,4.04,,,3.83,3.58,3.13,3.07,4.54,4.42
EE,Estonia,2006,4.08,3.93,2.32,2.32,3.86,3.57,1.95,2.45,3.4,3.47,,,3.73,3.69,3.97,3.94,3.36,3.37
ES,Spain,2006,4.61,4.35,2.15,2.04,3.17,2.75,2.44,3.26,4.01,3.84,,,3.23,3.27,3.48,3.6,3.37,3.46
FI,Finland,2006,4.81,4.71,2.22,2.2,4.25,3.98,2.52,3.23,3.78,3.9,,,3.86,3.87,3.31,3.15,4.35,4.33
FR,France,2006,4.42,4.16,2.13,2.01,3.6,3.18,2.12,2.52,4.05,3.97,,,3.41,3.42,3.72,3.81,3.3,3.34
GB,United Kingdom,2006,4.51,4.27,2.21,2.07,3.91,3.45,2.32,2.81,3.78,3.83,,,3.56,3.56,3.73,3.85,3.36,3.43
HU,Hungary,2006,3.93,3.77,2.13,2.0,2.32,2.06,2.38,3.04,3.16,2.94,,,3.65,3.68,4.03,4.18,2.97,3.07
IE,Ireland,2006,4.67,4.49,2.37,2.23,3.36,3.29,3.54,3.99,3.76,3.63,,,3.62,3.62,2.95,3.31,3.54,3.49
NL,Netherlands,2006,4.59,4.43,2.19,2.1,4.57,4.18,2.56,2.86,3.97,4.08,,,3.62,3.51,3.49,3.42,3.84,3.79
NO,Norway,2006,4.95,4.76,2.3,2.28,4.85,4.38,2.18,2.63,4.11,4.17,,,3.71,3.53,3.49,3.43,3.98,4.07
PL,Poland,2006,4.32,4.12,2.17,2.08,2.91,2.67,3.89,4.5,3.43,3.31,,,3.9,3.87,3.02,3.06,2.76,2.85
PT,Portugal,2006,4.05,3.79,2.31,2.14,2.65,2.16,3.05,3.91,4.22,4.05,,,3.41,3.49,3.83,3.94,2.99,2.94
RU,Russian Federation,2006,3.79,3.44,2.07,1.92,1.96,1.66,2.05,2.83,3.5,3.39,,,3.53,3.61,4.41,4.46,2.57,2.73
SE,Sweden,2006,4.89,4.66,2.13,2.14,4.74,4.28,2.03,2.43,3.99,3.98,,,3.61,3.61,2.98,2.93,3.87,3.81
SI,Slovenia,2006,4.49,4.32,1.99,1.93,3.68,3.33,2.53,3.12,3.66,3.38,,,3.41,3.36,3.73,3.68,3.01,3.11
SK,Slovakia,2006,4.13,3.91,2.15,2.04,3.09,2.82,3.09,3.8,3.69,3.47,,,3.52,3.51,3.59,3.62,3.07,3.11
UA,Ukraine,2006,3.49,3.17,2.26,2.14,1.7,1.47,2.81,3.59,3.72,3.69,,,3.81,3.77,3.83,3.86,2.1,2.16
AGGREGATE,,2008,4.37,4.14,2.19,2.08,3.72,3.34,2.71,3.23,3.72,3.6,3.84,3.55,3.62,3.58,3.59,3.63,3.28,3.26
BE,Belgium,2008,4.62,4.47,2.16,2.06,4.26,3.86,2.37,2.78,3.82,3.78,4.61,4.48,3.54,3.39,3.52,3.57,3.51,3.47
BG,Bulgaria,2008,3.62,3.34,2.27,2.1,2.55,2.52,2.33,2.99,3.92,3.78,2.73,2.5,3.57,3.36,3.22,3.24,2.14,2.21
CH,Switzerland,2008,4.92,4.77,2.0,1.93,4.54,4.08,2.7,3.24,3.88,3.79,4.28,4.02,3.54,3.39,3.18,3.3,3.99,4.0
CY,Cyprus,2008,4.78,4.53,2.05,1.84,3.15,2.97,3.53,4.36,3.55,3.27,4.23,3.99,3.54,3.54,3.65,3.65,3.8,3.71
CZ,Czechia,2008,4.25,4.06,2.01,1.9,3.73,3.38,1.65,2.05,3.6,3.42,3.22,2.99,3.71,3.71,3.94,3.74,2.9,2.93
DE,Germany,2008,4.44,4.23,2.13,2.02,4.23,3.77,2.34,2.72,3.63,3.62,3.85,3.62,3.32,3.21,3.45,3.5,3.64,3.64
DK,Denmark,2008,5.06,4.9,2.36,2.3,4.8,4.73,2.17,2.57,4.04,4.08,4.62,4.52,3.74,3.57,3.2,3.1,4.42,4.4
EE,Estonia,2008,4.04,3.97,2.35,2.32,4.28,4.04,2.0,2.43,3.46,3.36,4.03,3.71,3.67,3.54,3.84,3.76,3.36,3.37
ES,Spain,2008,4.58,4.38,2.16,1.97,3.32,3.08,2.52,3.11,3.9,3.75,3.81,3.68,3.27,3.28,3.54,3.57,3.26,3.3
FI,Finland,2008,4.81,4.69,2.22,2.23,4.57,4.35,2.45,3.28,3.76,3.84,4.21,4.0,3.86,3.86,3.32,3.16,4.32,4.33
FR,France,2008,4.44,4.17,2.19,2.11,4.11,3.78,2.08,2.46,4.01,4.04,4.25,4.03,3.37,3.42,3.62,3.66,3.36,3.39
GB,United Kingdom,2008,4.51,4.28,2.33,2.05,4.07,4.01,2.35,2.73,3.74,3.75,4.14,3.85,3.54,3.47,3.67,3.82,3.47,3.49
GR,Greece,2008,4.24,4.12,1.86,1.69,3.0,2.54,3.42,4.04,3.6,3.39,3.53,3.43,3.58,3.54,4.32,4.46,2.97,3.05
HR,Croatia,2008,4.37,4.29,2.14,1.95,3.21,3.19,3.31,4.01,3.82,3.76,3.65,3.64,3.68,3.58,3.72,3.55,2.58,2.6
HU,Hungary,2008,3.79,3.72,2.05,1.96,3.27,3.16,2.3,2.96,3.15,2.97,3.46,3.27,3.76,3.79,4.1,4.11,2.56,2.78
IE,Ireland,2008,4.67,4.56,2.3,2.2,3.92,3.83,3.61,4.09,3.76,3.67,3.74,3.68,3.62,3.52,3.13,3.31,3.46,3.45
IL,Israel,2008,4.81,4.58,2.53,2.4,4.12,3.72,3.17,2.94,3.9,3.73,3.58,3.4,4.07,4.03,3.32,3.28,3.09,3.2
LV,Latvia,2008,3.87,3.7,2.06,2.04,3.72,3.51,2.17,2.96,3.6,3.39,3.15,2.96,3.77,3.94,3.9,3.9,2.63,2.75
NL,Netherlands,2008,4.65,4.47,2.27,2.15,5.01,4.44,2.55,2.9,3.96,4.03,4.62,4.18,3.65,3.52,3.41,3.42,3.96,3.85
NO,Norway,2008,4.98,4.76,2.32,2.25,5.18,4.84,2.1,2.55,4.06,4.1,4.74,4.56,3.76,3.55,3.36,3.31,4.08,4.07
PL,Poland,2008,4.41,4.25,2.16,2.05,3.63,3.36,3.87,4.36,3.44,3.27,4.03,3.81,3.84,3.91,2.98,3.04,2.87,2.89
PT,Portugal,2008,4.04,3.75,2.2,2.07,3.12,2.55,3.08,4.01,3.91,3.6,3.39,2.97,3.34,3.46,3.74,3.94,2.91,2.95
RO,Romania,2008,4.01,3.85,2.47,2.31,2.71,2.67,3.63,4.16,3.19,2.98,3.47,3.26,3.78,3.81,3.42,3.48,2.84,2.88
RU,Russian Federation,2008,3.74,3.55,2.07,1.97,2.39,1.97,2.21,2.98,3.43,3.38,3.31,2.87,3.63,3.75,4.28,4.26,2.7,2.99
SE,Sweden,2008,4.89,4.68,2.12,2.09,4.98,4.59,1.94,2.39,4.01,4.06,4.84,4.64,3.59,3.53,2.97,2.83,3.84,3.92
SI,Slovenia,2008,4.52,4.26,2.02,2.06,4.11,3.58,2.53,3.08,3.63,3.33,4.22,3.8,3.31,3.31,3.72,3.75,3.14,3.11
SK,Slovakia,2008,4.15,3.95,2.08,2.06,3.39,2.78,2.99,3.99,3.5,3.35,3.92,3.67,3.4,3.33,3.72,3.76,2.97,3.2
TR,Turkey,2008,3.88,3.79,2.3,2.06,2.36,2.05,4.54,4.09,3.57,3.34,2.97,2.95,3.87,3.93,4.12,4.21,3.55,3.62
UA,Ukraine,2008,3.47,3.12,2.19,2.1,1.99,1.77,2.78,3.64,3.71,3.64,2.83,2.41,3.61,3.64,3.98,3.95,1.84,1.94
AGGREGATE,,2010,4.4,4.17,2.16,2.06,4.09,3.76,2.6,3.18,3.71,3.62,3.77,3.48,3.61,3.56,3.63,3.67,3.23,3.22
BE,Belgium,2010,4.72,4.52,2.21,2.09,4.57,4.38,2.19,2.7,3.87,3.84,4.29,4.03,3.52,3.46,3.63,3.71,3.48,3.45
BG,Bulgaria,2010,3.79,3.46,2.29,2.17,2.78,2.61,2.35,3.05,3.87,3.73,2.75,2.5,3.79,3.61,3.31,3.27,2.35,2.4
CH,Switzerland,2010,4.96,4.82,1.98,1.93,4.76,4.34,2.76,3.23,3.86,3.83,4.36,4.26,3.69,3.42,3.21,3.29,4.03,4.07
CY,Cyprus,2010,4.69,4.36,2.17,1.98,3.48,2.94,3.67,4.47,3.53,3.27,3.46,3.17,3.54,3.59,3.9,4.14,3.44,3.46
CZ,Czechia,2010,4.12,4.01,2.01,1.88,3.96,3.81,1.65,2.03,3.52,3.47,3.6,3.29,3.7,3.59,4.03,3.92,2.88,2.99
DE,Germany,2010,4.47,4.27,2.12,2.01,4.46,4.08,2.29,2.7,3.68,3.68,4.12,3.9,3.32,3.22,3.52,3.55,3.62,3.57
DK,Denmark,2010,5.04,4.88,2.3,2.26,5.13,5.13,2.12,2.57,4.04,4.11,4.68,4.5,3.71,3.48,3.13,3.03,4.38,4.31
EE,Estonia,2010,4.24,4.08,2.35,2.33,4.45,4.25,1.88,2.36,3.25,3.27,3.88,3.67,3.79,3.66,3.87,3.78,3.46,3.53
ES,Spain,2010,4.6,4.4,2.12,1.89,4.05,3.88,2.51,3.12,3.89,3.8,3.94,3.82,3.33,3.31,3.35,3.5,3.19,3.26
FI,Finland,2010,4.77,4.73,2.23,2.21,4.72,4.48,2.52,3.24,3.71,3.88,4.04,3.89,3.84,3.87,3.42,3.23,4.19,4.26
FR,France,2010,4.39,4.14,2.18,2.13,4.29,4.18,2.11,2.51,3.96,4.0,3.88,3.64,3.33,3.36,3.75,3.66,3.22,3.35
GB,United Kingdom,2010,4.53,4.34,2.11,1.93,4.46,4.29,2.26,2.71,3.74,3.75,3.98,3.76,3.57,3.51,3.68,3.76,3.47,3.47
GR,Greece,2010,4.08,3.88,2.05,1.86,3.26,3.04,3.54,4.13,3.34,3.08,3.04,2.79,3.56,3.55,4.56,4.62,2.59,2.67
HR,Croatia,2010,4.33,4.19,2.06,1.9,3.46,3.2,3.37,4.04,3.81,3.67,3.79,3.57,3.49,3.38,3.59,3.56,2.52,2.55
HU,Hungary,2010,3.99,3.84,2.04,1.92,3.6,3.5,2.26,2.95,3.13,2.9,3.43,3.23,4.03,3.95,3.93,3.91,3.06,3.21
IE,Ireland,2010,4.45,4.32,2.39,2.31,4.22,4.27,3.26,3.8,3.62,3.48,3.07,3.06,3.46,3.5,3.39,3.52,3.44,3.43
IL,Israel,2010,4.77,4.66,2.39,2.29,4.51,4.14,3.11,2.81,3.91,3.83,3.71,3.52,3.88,3.81,3.66,3.55,3.14,3.17
LT,Lithuania,2010,3.71,3.58,2.01,2.01,3.35,3.25,2.77,3.6,3.41,3.28,3.17,2.9,3.55,3.59,3.64,3.64,2.63,2.7
NL,Netherlands,2010,4.65,4.51,2.29,2.21,5.12,4.97,2.49,2.8,3.93,4.02,4.35,4.08,3.72,3.59,3.41,3.35,3.93,3.88
NO,Norway,2010,4.96,4.8,2.32,2.27,5.32,5.07,2.17,2.68,4.09,4.16,4.27,4.16,3.81,3.67,3.33,3.35,4.18,4.16
PL,Poland,2010,4.48,4.33,2.11,2.01,4.13,3.94,3.79,4.28,3.45,3.29,3.79,3.55,3.8,3.83,3.06,3.06,3.01,3.08
PT,Portugal,2010,4.09,3.84,2.12,2.0,3.31,2.71,3.09,3.89,4.17,3.94,3.7,3.37,3.45,3.51,3.89,4.0,2.73,2.79
RU,Russian Federation,2010,3.89,3.69,2.01,1.94,3.37,2.82,2.26,3.08,3.46,3.47,3.55,3.06,3.52,3.66,4.27,4.25,2.61,2.83
SE,Sweden,2010,4.95,4.68,2.17,2.11,5.03,5.03,1.93,2.42,4.01,4.01,4.66,4.41,3.82,3.72,2.84,2.65,4.08,4.1
SI,Slovenia,2010,4.55,4.4,1.91,1.88,4.15,3.95,2.52,3.01,3.59,3.44,3.95,3.73,3.39,3.46,3.8,3.85,2.75,2.7
SK,Slovakia,2010,4.11,3.99,2.14,2.03,3.66,3.27,3.2,3.89,3.53,3.34,3.88,3.51,3.41,3.37,3.74,3.81,2.76,2.93
UA,Ukraine,2010,3.59,3.32,2.12,2.01,2.59,2.27,2.86,3.62,3.69,3.68,2.79,2.56,3.64,3.52,3.91,3.91,2.07,2.13
AGGREGATE,,2012,4.45,4.22,2.51,2.39,,,2.61,3.11,3.67,3.58,3.77,3.5,3.64,3.59,3.51,3.55,3.29,3.26
AL,Albania,2012,4.08,3.93,2.79,2.45,,,3.24,3.58,3.6,3.05,2.51,2.42,3.6,3.72,2.91,3.04,2.59,2.86
BE,Belgium,2012,4.65,4.48,2.38,2.24,,,2.34,2.54,3.72,3.71,4.14,3.93,3.58,3.46,3.58,3.68,3.59,3.53
BG,Bulgaria,2012,3.7,3.39,2.91,2.78,,,2.52,3.19,3.76,3.54,2.79,2.5,3.66,3.47,3.39,3.36,2.22,2.27
CH,Switzerland,2012,4.99,4.79,2.14,2.05,,,2.75,3.18,3.8,3.77,4.4,4.16,3.69,3.46,3.24,3.38,4.11,4.18
CY,Cyprus,2012,4.59,4.32,2.51,2.26,,,3.74,4.49,3.38,3.19,3.11,2.94,3.69,3.45,4.27,4.42,3.11,3.06
CZ,Czechia,2012,4.25,4.08,2.52,2.38,,,1.61,1.98,3.56,3.47,3.89,3.5,3.63,3.57,3.98,3.82,3.0,2.91
DE,Germany,2012,4.56,4.38,2.36,2.25,,,2.41,2.72,3.61,3.66,4.09,4.01,3.3,3.21,3.3,3.35,3.75,3.72
DK,Denmark,2012,5.16,4.94,2.67,2.61,,,2.12,2.6,4.01,4.04,4.56,4.45,3.78,3.55,3.08,2.86,4.45,4.49
EE,Estonia,2012,4.11,3.98,2.53,2.47,,,1.92,2.42,3.17,3.21,3.87,3.54,3.72,3.72,3.64,3.6,3.34,3.36
ES,Spain,2012,4.54,4.26,2.5,2.41,,,2.56,3.1,3.81,3.7,3.61,3.49,3.24,3.3,3.27,3.39,2.94,2.89
FI,Finland,2012,4.88,4.75,2.5,2.47,,,2.43,3.05,3.72,3.8,4.22,3.93,3.81,3.85,3.25,3.14,4.35,4.31
FR,France,2012,4.41,4.17,2.71,2.6,,,2.2,2.64,3.9,3.96,3.83,3.64,3.49,3.5,3.75,3.72,3.3,3.41
GB,United Kingdom,2012,4.58,4.4,2.5,2.3,,,2.41,2.8,3.64,3.69,4.02,3.84,3.55,3.54,3.63,3.75,3.58,3.62
HU,Hungary,2012,3.89,3.87,2.2,2.12,,,2.16,2.77,3.04,2.88,3.32,3.22,3.74,3.68,3.82,3.8,3.15,3.26
IE,Ireland,2012,4.52,4.41,2.53,2.32,,,3.31,3.84,3.6,3.45,3.29,3.2,3.6,3.57,3.27,3.35,3.51,3.48
IL,Israel,2012,4.79,4.77,2.51,2.38,,,3.21,2.95,3.82,3.73,3.68,3.52,4.11,4.05,3.65,3.56,3.31,3.31
IS,Iceland,2012,5.06,4.85,2.33,2.28,,,2.46,3.11,3.9,4.1,3.91,3.73,3.83,3.53,2.87,2.65,3.87,3.98
IT,Italy,2012,4.42,4.16,2.57,2.55,,,3.16,3.82,3.66,3.54,3.67,3.38,3.25,3.41,3.81,3.8,3.12,3.06
LT,Lithuania,2012,3.9,3.77,2.47,2.34,,,2.79,3.53,3.34,3.19,3.93,3.54,3.41,3.51,3.53,3.47,3.01,3.12
NL,Netherlands,2012,4.72,4.53,2.61,2.48,,,2.41,2.73,3.92,4.0,4.45,4.13,3.76,3.56,3.29,3.31,3.96,3.87
NO,Norway,2012,5.07,4.81,2.6,2.49,,,2.17,2.6,4.1,4.07,4.35,4.21,3.9,3.72,3.18,3.13,4.23,4.26
PL,Poland,2012,4.5,4.35,2.42,2.31,,,3.72,4.27,3.3,3.18,3.71,3.51,3.82,3.86,3.0,3.04,2.82,2.89
PT,Portugal,2012,4.11,3.89,2.74,2.61,,,2.7,3.67,4.15,3.92,2.97,2.78,3.41,3.5,4.09,4.04,2.76,2.78
RU,Russian Federation,2012,3.89,3.67,2.35,2.31,,,2.34,2.95,3.52,3.42,3.83,3.41,3.61,3.68,4.29,4.4,2.56,2.73
SE,Sweden,2012,4.92,4.7,2.29,2.22,,,2.02,2.39,4.04,4.13,4.53,4.31,3.71,3.6,2.87,2.76,3.93,3.98
SI,Slovenia,2012,4.6,4.49,2.16,2.1,,,2.46,2.89,3.64,3.43,3.88,3.64,3.44,3.27,3.62,3.57,2.78,2.87
SK,Slovakia,2012,4.21,4.07,2.62,2.44,,,3.1,3.86,3.45,3.4,3.54,3.19,3.47,3.44,3.86,3.88,2.63,2.72
UA,Ukraine,2012,3.68,3.51,2.5,2.38,,,2.84,3.51,3.6,3.64,2.96,2.66,3.62,3.76,3.94,3.74,1.89,1.97
XK,Kosovo,2012,4.16,4.17,2.89,2.44,,,3.83,3.83,3.68,3.32,2.96,2.95,4.29,4.28,3.78,3.85,2.54,2.55
AGGREGATE,,2014,4.59,4.37,2.46,2.36,,,2.49,2.94,3.67,3.6,4.03,3.8,3.58,3.5,3.46,3.5,3.56,3.5
AT,Austria,2014,4.66,4.6,2.31,2.13,,,2.73,3.17,3.77,3.71,3.82,3.77,3.4,3.34,3.82,3.83,3.62,3.59
BE,Belgium,2014,4.66,4.5,2.29,2.26,,,2.35,2.6,3.79,3.73,4.12,4.07,3.58,3.47,3.57,3.67,3.54,3.51
CH,Switzerland,2014,4.96,4.81,2.08,2.06,,,2.74,3.15,3.81,3.83,4.32,4.18,3.7,3.44,3.29,3.33,4.15,4.19
CZ,Czechia,2014,4.37,4.18,2.25,2.22,,,1.71,1.98,3.47,3.43,3.71,3.42,3.52,3.44,4.09,4.02,3.34,3.2
DE,Germany,2014,4.61,4.35,2.39,2.25,,,2.35,2.68,3.62,3.66,4.34,4.16,3.28,3.21,3.28,3.39,3.78,3.65
DK,Denmark,2014,5.11,4.88,2.58,2.51,,,2.17,2.54,4.02,3.98,4.52,4.47,3.87,3.57,3.26,3.06,4.34,4.34
EE,Estonia,2014,4.19,4.01,2.55,2.54,,,2.03,2.61,3.17,3.17,4.05,3.83,3.6,3.55,3.57,3.58,3.47,3.47
ES,Spain,2014,4.54,4.34,2.66,2.46,,,2.3,3.07,3.87,3.68,3.77,3.69,3.15,3.27,3.34,3.6,3.1,3.08
FI,Finland,2014,4.84,4.72,2.55,2.48,,,2.41,3.1,3.71,3.84,4.08,3.99,3.84,3.77,3.34,3.16,4.24,4.18
FR,France,2014,4.43,4.11,2.66,2.64,,,2.26,2.74,3.97,4.01,4.08,3.7,3.61,3.46,3.56,3.59,3.33,3.34
GB,United Kingdom,2014,4.57,4.36,2.65,2.37,,,2.31,2.68,3.62,3.67,4.05,3.79,3.6,3.42,3.53,3.71,3.57,3.53
HU,Hungary,2014,3.97,3.94,2.2,2.1,,,2.15,2.69,3.05,2.84,3.86,3.75,3.8,3.56,3.98,3.98,3.07,3.21
IE,Ireland,2014,4.56,4.44,2.46,2.24,,,3.44,3.79,3.6,3.45,3.57,3.34,3.57,3.55,3.3,3.37,3.51,3.48
IL,Israel,2014,4.87,4.66,2.61,2.43,,,3.09,3.04,3.44,3.46,3.76,3.51,3.82,3.78,3.49,3.54,3.24,3.22
LT,Lithuania,2014,3.99,3.8,2.6,2.47,,,2.71,3.52,3.33,3.21,3.87,3.42,3.37,3.53,3.56,3.48,3.08,3.2
NL,Netherlands,2014,4.67,4.52,2.6,2.56,,,2.35,2.6,3.92,3.98,4.34,4.19,3.66,3.48,3.42,3.33,3.9,3.83
NO,Norway,2014,5.03,4.76,2.48,2.46,,,2.12,2.55,3.97,4.0,4.43,4.21,3.76,3.56,3.24,3.23,4.29,4.31
PL,Poland,2014,4.49,4.32,2.42,2.37,,,3.72,4.34,3.38,3.23,3.86,3.56,3.9,3.89,3.26,3.26,2.73,2.81
PT,Portugal,2014,4.17,3.93,2.63,2.52,,,3.11,3.8,4.01,3.8,3.61,3.21,3.46,3.43,3.67,3.92,2.98,2.84
SE,Sweden,2014,4.94,4.7,2.36,2.35,,,1.97,2.31,4.03,4.03,4.67,4.51,3.6,3.45,2.74,2.59,4.05,4.02
SI,Slovenia,2014,4.47,4.31,2.23,2.15,,,2.46,2.96,3.62,3.37,3.94,3.71,3.21,3.2,3.74,3.72,2.77,2.73
AGGREGATE,,2016,4.59,4.39,,,4.67,4.48,2.53,2.99,3.69,3.63,3.99,3.77,3.63,3.53,3.55,3.55,3.57,3.58
AT,Austria,2016,4.64,4.58,,,4.54,4.28,2.71,3.14,3.8,3.77,3.93,3.8,3.6,3.42,3.98,3.85,3.85,3.88
BE,Belgium,2016,4.71,4.49,,,4.93,4.82,2.31,2.65,3.74,3.78,4.23,4.08,3.56,3.4,3.46,3.42,3.64,3.65
CH,Switzerland,2016,5.01,4.88,,,5.19,4.81,2.62,3.14,3.83,3.86,4.34,4.2,3.63,3.43,3.25,3.28,4.2,4.21
CZ,Czechia,2016,4.32,4.19,,,4.74,4.57,1.68,1.98,3.59,3.6,3.8,3.57,3.61,3.54,4.22,4.1,3.37,3.47
DE,Germany,2016,4.57,4.36,,,4.9,4.61,2.34,2.71,3.71,3.67,4.35,4.25,3.25,3.14,3.37,3.43,3.89,3.82
EE,Estonia,2016,4.36,4.25,,,4.57,4.42,1.95,2.51,3.29,3.31,3.78,3.54,3.7,3.66,3.9,3.84,3.69,3.74
ES,Spain,2016,4.65,4.42,,,4.47,4.39,2.44,3.01,3.86,3.82,3.78,3.57,3.27,3.21,3.25,3.29,3.14,3.15
FI,Finland,2016,4.88,4.79,,,5.22,5.02,2.39,3.06,3.68,3.78,4.15,4.04,3.94,3.74,3.32,3.09,4.32,4.39
FR,France,2016,4.47,4.16,,,4.67,4.46,2.22,2.68,4.01,3.96,4.0,3.65,3.57,3.52,3.58,3.6,3.34,3.41
GB,United Kingdom,2016,4.68,4.44,,,4.8,4.75,2.21,2.72,3.65,3.67,4.13,4.0,3.52,3.42,3.29,3.29,3.69,3.7
HU,Hungary,2016,4.19,4.15,,,3.85,3.82,2.26,2.7,3.08,2.81,3.55,3.4,3.99,3.87,4.23,4.24,3.48,3.67
IE,Ireland,2016,4.65,4.63,,,4.5,4.69,3.23,3.73,3.58,3.57,3.71,3.7,3.64,3.68,2.97,3.07,3.57,3.55
IL,Israel,2016,4.95,4.85,,,4.71,4.7,3.26,3.03,3.74,3.64,3.4,3.22,3.92,3.83,3.62,3.55,3.25,3.3
IS,Iceland,2016,5.03,4.89,,,5.41,5.47,2.39,2.94,4.01,4.11,4.41,4.29,3.69,3.45,2.52,2.4,4.01,4.08
IT,Italy,2016,4.37,4.15,,,4.37,4.12,3.04,3.66,3.83,3.65,3.67,3.52,3.65,3.49,4.22,4.19,3.18,3.14
LT,Lithuania,2016,4.0,3.82,,,3.99,3.86,2.88,3.52,3.2,3.16,3.87,3.41,3.73,3.69,3.65,3.67,3.39,3.43
NL,Netherlands,2016,4.71,4.56,,,5.4,5.35,2.27,2.62,3.97,4.05,4.51,4.32,3.74,3.49,3.29,3.27,4.02,3.95
NO,Norway,2016,5.04,4.8,,,5.58,5.43,2.14,2.46,4.03,4.11,4.39,4.26,3.77,3.41,3.2,3.13,4.35,4.38
PL,Poland,2016,4.57,4.43,,,3.94,3.95,3.82,4.23,3.34,3.26,3.8,3.71,3.95,3.91,3.3,3.24,3.03,3.05
PT,Portugal,2016,4.37,4.13,,,4.21,3.83,2.87,3.82,4.09,3.87,3.98,3.5,3.26,3.38,3.34,3.4,3.07,3.09
RU,Russian Federation,2016,4.01,3.82,,,4.05,3.64,2.28,2.93,3.32,3.33,3.59,3.12,3.46,3.65,4.28,4.29,3.0,3.1
SE,Sweden,2016,4.89,4.66,,,5.32,5.32,1.96,2.29,4.01,4.05,4.67,4.6,3.69,3.52,2.94,2.79,3.94,3.95
SI,Slovenia,2016,4.63,4.47,,,4.3,4.03,2.53,3.05,3.64,3.47,4.11,4.0,3.52,3.28,3.87,3.77,2.97,3.05
AGGREGATE,,2018,4.58,4.39,,,4.73,4.54,2.54,3.03,3.72,3.65,4.02,3.75,3.57,3.47,3.47,3.48,3.59,3.55
AT,Austria,2018,4.79,4.7,,,4.75,4.53,2.66,3.14,3.85,3.82,3.99,3.82,3.46,3.35,3.87,3.78,4.07,4.04
BE,Belgium,2018,4.71,4.53,,,5.15,4.91,2.34,2.7,3.76,3.76,4.19,3.99,3.55,3.42,3.39,3.36,3.67,3.71
BG,Bulgaria,2018,3.68,3.45,,,3.58,3.4,2.41,3.0,3.74,3.64,2.84,2.61,3.76,3.6,4.07,4.03,2.46,2.51
CH,Switzerland,2018,5.05,4.9,,,5.33,5.14,2.61,2.99,3.81,3.86,4.33,4.1,3.71,3.38,3.15,3.21,4.29,4.23
CY,Cyprus,2018,4.62,4.36,,,4.11,3.85,3.88,4.46,3.37,3.13,3.65,3.25,3.75,3.64,3.77,3.88,3.09,3.1
CZ,Czechia,2018,4.39,4.31,,,4.78,4.52,1.67,1.99,3.54,3.6,3.86,3.58,3.77,3.7,4.18,4.16,3.45,3.42
DE,Germany,2018,4.66,4.43,,,5.11,4.95,2.42,2.77,3.7,3.69,4.41,4.3,3.26,3.13,3.34,3.32,3.9,3.83
DK,Denmark,2018,5.15,4.98,,,5.54,5.44,2.08,2.46,4.06,4.09,4.56,4.43,3.61,3.41,3.16,2.99,4.47,4.49
EE,Estonia,2018,4.41,4.32,,,4.91,4.6,1.99,2.43,3.3,3.31,4.0,3.73,3.75,3.63,3.81,3.77,3.74,3.86
ES,Spain,2018,4.63,4.4,,,4.89,4.61,2.22,2.93,3.86,3.77,4.04,3.68,3.26,3.16,3.06,3.29,3.38,3.31
FI,Finland,2018,4.93,4.79,,,5.32,5.26,2.42,2.97,3.7,3.78,4.33,4.11,3.91,3.73,3.25,3.13,4.39,4.35
FR,France,2018,4.48,4.16,,,4.88,4.59,2.29,2.71,3.96,3.92,4.01,3.64,3.46,3.43,3.48,3.49,3.58,3.52
GB,United Kingdom,2018,4.57,4.43,,,5.02,5.05,2.2,2.6,3.59,3.68,4.17,3.98,3.51,3.44,3.17,3.18,3.61,3.63
HR,Croatia,2018,4.65,4.52,,,4.56,4.52,3.07,3.69,3.89,3.73,3.95,3.62,3.49,3.33,3.45,3.49,2.55,2.59
HU,Hungary,2018,4.14,4.08,,,4.07,3.95,2.21,2.76,3.02,2.81,3.66,3.52,3.68,3.67,4.01,4.09,3.62,3.66
IE,Ireland,2018,4.71,4.56,,,4.56,4.86,3.2,3.6,3.6,3.53,3.96,3.7,3.55,3.49,2.79,2.92,3.6,3.56
IS,Iceland,2018,5.08,4.96,,,5.48,5.58,2.31,2.94,3.89,4.11,4.78,4.51,3.55,3.28,2.42,2.32,4.07,4.0
IT,Italy,2018,4.36,4.21,,,4.51,4.09,3.06,3.59,3.81,3.63,3.69,3.58,3.68,3.59,3.94,3.95,3.52,3.5
LT,Lithuania,2018,3.99,4.04,,,3.78,3.87,2.74,3.52,3.31,3.36,3.31,3.17,3.61,3.39,3.59,3.5,3.17,3.43
LV,Latvia,2018,4.23,4.09,,,4.49,4.18,2.3,2.94,3.36,3.4,3.32,3.08,3.91,3.89,3.33,3.42,3.07,3.11
ME,Montenegro,2018,4.71,4.57,,,4.37,4.35,3.02,3.23,4.0,3.8,3.75,3.73,3.1,3.14,3.65,3.7,2.97,3.15
NL,Netherlands,2018,4.79,4.61,,,5.43,5.49,2.22,2.5,3.92,4.04,4.77,4.46,3.65,3.48,3.2,3.12,4.22,4.13
NO,Norway,2018,5.04,4.83,,,5.73,5.69,2.0,2.38,4.08,4.19,4.42,4.28,3.65,3.34,3.14,2.9,4.37,4.44
PL,Poland,2018,4.58,4.44,,,4.32,4.1,3.57,4.17,3.27,3.15,3.92,3.7,3.89,3.91,3.2,3.18,3.13,3.26
PT,Portugal,2018,4.48,4.23,,,4.51,4.23,2.87,3.64,4.08,3.8,3.86,3.57,3.38,3.42,3.07,3.19,3.2,3.17
RS,Serbia,2018,4.22,3.99,,,3.65,3.55,3.09,3.48,3.88,3.72,3.61,3.33,3.22,3.15,3.8,3.76,2.92,2.97
SE,Sweden,2018,4.93,4.73,,,5.45,5.42,2.01,2.26,4.0,4.04,4.64,4.5,3.68,3.49,2.88,2.73,4.1,4.04
SI,Slovenia,2018,4.73,4.56,,,4.55,4.38,2.43,2.99,3.63,3.47,4.29,4.01,3.43,3.45,3.83,3.79,3.11,3.13
SK,Slovakia,2018,4.12,4.07,,,3.41,3.4,3.32,3.84,3.4,3.31,3.72,3.57,3.4,3.46,4.04,4.06,3.08,3.15
AGGREGATE,,2020,4.5,4.31,,,5.0,4.94,2.54,2.95,3.59,3.5,4.1,3.86,3.58,3.43,3.44,3.4,3.5,3.48
AT,Austria,2020,4.72,4.5,,,5.31,5.22,2.35,2.73,3.56,3.57,4.54,4.3,3.36,3.12,3.82,3.78,3.74,3.62
BE,Belgium,2020,4.76,4.55,,,5.43,5.19,2.17,2.55,3.76,3.82,4.4,4.17,3.62,3.51,3.2,3.21,3.67,3.65
BG,Bulgaria,2020,4.18,3.9,,,4.38,4.46,2.43,3.17,4.0,3.87,3.45,3.13,3.79,3.6,3.69,3.55,2.53,2.62
CH,Switzerland,2020,5.07,4.92,,,5.44,5.35,2.57,2.94,3.75,3.74,4.41,4.23,3.69,3.34,3.04,3.02,4.33,4.33
CY,Cyprus,2020,4.41,4.2,,,5.35,5.51,3.3,3.63,3.25,3.26,3.95,3.64,3.82,3.72,3.85,3.8,2.9,2.72
CZ,Czechia,2020,4.45,4.33,,,5.0,5.01,1.62,1.89,3.55,3.51,3.85,3.51,3.86,3.84,4.16,4.05,3.64,3.62
DE,Germany,2020,4.35,4.16,,,5.3,5.23,2.21,2.45,3.47,3.43,4.43,4.25,3.29,3.05,3.46,3.37,3.79,3.77
EE,Estonia,2020,4.56,4.46,,,4.95,4.89,1.96,2.44,3.19,3.31,4.21,4.05,3.8,3.72,3.6,3.53,3.92,3.96
ES,Spain,2020,4.35,4.11,,,5.18,5.12,2.22,2.67,3.65,3.63,3.91,3.77,3.1,2.93,2.96,2.91,3.1,3.1
FI,Finland,2020,4.9,4.81,,,5.41,5.41,2.27,2.76,3.58,3.63,4.36,4.17,3.92,3.71,3.19,2.94,4.54,4.56
FR,France,2020,4.63,4.31,,,5.16,5.06,2.32,2.63,3.96,3.88,4.5,4.18,3.64,3.43,3.39,3.41,3.59,3.56
GB,United Kingdom,2020,4.54,4.27,,,5.15,5.09,2.07,2.51,3.53,3.56,4.35,4.0,3.53,3.45,2.84,2.86,3.57,3.53
GR,Greece,2020,4.32,4.1,,,4.79,4.64,3.48,3.99,3.34,3.04,3.41,3.26,3.68,3.59,3.85,3.86,3.82,3.78
HR,Croatia,2020,4.72,4.63,,,4.56,4.59,3.09,3.65,3.86,3.63,4.09,3.92,3.74,3.48,3.46,3.31,2.66,2.76
HU,Hungary,2020,4.39,4.34,,,4.24,4.25,2.27,2.78,3.01,2.88,3.72,3.64,3.92,3.88,4.02,3.97,3.62,3.66
IE,Ireland,2020,4.77,4.57,,,4.81,5.02,3.17,3.45,3.43,3.31,3.99,3.68,3.63,3.62,2.64,2.68,3.81,3.73
IL,Israel,2020,4.6,4.44,,,5.36,5.33,3.07,3.23,3.74,3.64,3.74,3.36,3.57,3.52,3.33,3.49,2.86,2.83
IS,Iceland,2020,5.0,4.87,,,5.59,5.7,2.36,2.82,3.87,3.95,4.4,4.34,3.62,3.43,2.38,2.25,4.06,4.15
IT,Italy,2020,4.49,4.24,,,4.81,4.51,2.87,3.53,3.7,3.49,3.96,3.77,3.62,3.51,3.67,3.64,3.5,3.45
LT,Lithuania,2020,4.26,4.13,,,4.57,4.49,2.55,3.31,3.31,3.29,3.85,3.47,3.74,3.62,3.43,3.52,3.53,3.49
LV,Latvia,2020,4.06,3.9,,,5.3,5.45,2.16,2.6,3.08,3.09,3.8,3.54,3.81,3.77,3.39,3.27,2.98,3.12
ME,Montenegro,2020,4.53,4.53,,,4.63,4.83,3.28,3.37,3.9,3.72,3.62,3.54,2.85,2.78,3.66,3.64,2.97,2.92
MK,North Macedonia,2020,4.4,4.27,,,4.11,4.24,3.58,3.81,3.44,3.22,3.38,3.22,3.81,3.63,4.08,4.05,2.65,2.74
NL,Netherlands,2020,4.81,4.63,,,5.75,5.71,2.19,2.33,3.96,3.95,4.81,4.59,3.75,3.37,3.1,3.04,4.24,4.16
NO,Norway,2020,4.99,4.82,,,5.78,5.79,1.99,2.26,3.96,4.02,4.49,4.4,3.61,3.4,2.88,2.68,4.52,4.53
PL,Poland,2020,4.26,4.02,,,4.72,4.7,3.34,3.7,3.0,2.88,3.9,3.65,3.95,3.61,2.92,2.9,2.64,2.64
PT,Portugal,2020,4.36,4.11,,,4.3,4.08,2.77,3.6,3.86,3.63,3.74,3.29,3.49,3.42,3.16,3.29,3.2,3.2
RS,Serbia,2020,4.08,3.83,,,4.6,4.96,3.04,3.27,3.7,3.6,3.98,3.78,3.25,3.31,3.28,3.44,2.7,2.66
SE,Sweden,2020,4.56,4.34,,,5.57,5.59,1.8,2.11,3.73,3.76,4.56,4.41,3.74,3.4,3.45,3.01,3.81,3.8
SI,Slovenia,2020,4.76,4.7,,,4.8,4.71,2.5,2.94,3.6,3.52,4.27,4.13,3.46,3.47,3.68,3.53,3.14,3.27
SK,Slovakia,2020,4.17,4.1,,,4.06,3.87,3.21,3.78,3.41,3.36,3.78,3.6,3.64,3.42,4.16,4.13,2.98,3.05
